scanner,ecosystem,package,vulnerability,before_package,after_package,before_version,after_version,before_severity,after_severity,before_status,after_status,before_fixed_versions,after_fixed_versions,before_paths,after_paths,delta,follow_up
grype,binary,python,CVE-2025-12781,python,python,3.11.17,3.11.17,Medium,Medium,fixed,fixed,3.13.10|3.14.1|3.15.0a2,3.13.10|3.14.1|3.15.0a2,/usr/local/bin/python3.11|/usr/local/lib/libpython3.11.so.1.0,/usr/local/bin/python3.11|/usr/local/lib/libpython3.11.so.1.0,retained,100
grype,binary,python,CVE-2025-15366,python,python,3.11.17,3.11.17,Medium,Medium,fixed,fixed,3.13.15|3.14.7|3.15.0a6,3.13.15|3.14.7|3.15.0a6,/usr/local/bin/python3.11|/usr/local/lib/libpython3.11.so.1.0,/usr/local/bin/python3.11|/usr/local/lib/libpython3.11.so.1.0,retained,100
grype,binary,python,CVE-2025-15367,python,python,3.11.17,3.11.17,Medium,Medium,fixed,fixed,3.15.0a6,3.15.0a6,/usr/local/bin/python3.11|/usr/local/lib/libpython3.11.so.1.0,/usr/local/bin/python3.11|/usr/local/lib/libpython3.11.so.1.0,retained,100
grype,binary,python,CVE-2026-12345,python,python,3.11.17,3.11.17,Medium,Medium,fixed,fixed,3.15.0,3.15.0,/usr/local/bin/python3.11|/usr/local/lib/libpython3.11.so.1.0,/usr/local/bin/python3.11|/usr/local/lib/libpython3.11.so.1.0,retained,100
grype,binary,python,CVE-2026-3446,python,python,3.11.17,3.11.17,Medium,Medium,fixed,fixed,3.13.13|3.14.4|3.15.0a8,3.13.13|3.14.4|3.15.0a8,/usr/local/bin/python3.11|/usr/local/lib/libpython3.11.so.1.0,/usr/local/bin/python3.11|/usr/local/lib/libpython3.11.so.1.0,retained,100
grype,binary,python,CVE-2026-3479,python,python,3.11.17,3.11.17,Negligible,Negligible,fixed,fixed,3.13.13|3.14.4|3.15.0a8,3.13.13|3.14.4|3.15.0a8,/usr/local/bin/python3.11|/usr/local/lib/libpython3.11.so.1.0,/usr/local/bin/python3.11|/usr/local/lib/libpython3.11.so.1.0,retained,100
grype,binary,python,CVE-2026-6019,python,python,3.11.17,3.11.17,Medium,Medium,fixed,fixed,3.13.14|3.14.5rc1|3.15.0b1,3.13.14|3.14.5rc1|3.15.0b1,/usr/local/bin/python3.11|/usr/local/lib/libpython3.11.so.1.0,/usr/local/bin/python3.11|/usr/local/lib/libpython3.11.so.1.0,retained,100
grype,deb,apt,CVE-2011-3374,apt,apt,3.0.3,3.0.3,Negligible,Negligible,not-fixed,not-fixed,,,/usr/share/doc/apt/copyright|/var/lib/dpkg/info/apt.conffiles|/var/lib/dpkg/info/apt.list|/var/lib/dpkg/info/apt.md5sums|/var/lib/dpkg/info/apt.postinst|/var/lib/dpkg/info/apt.postrm|/var/lib/dpkg/info/apt.preinst|/var/lib/dpkg/info/apt.prerm|/var/lib/dpkg/info/apt.shlibs|/var/lib/dpkg/info/apt.triggers|/var/lib/dpkg/status,/usr/share/doc/apt/copyright|/var/lib/dpkg/info/apt.conffiles|/var/lib/dpkg/info/apt.list|/var/lib/dpkg/info/apt.md5sums|/var/lib/dpkg/info/apt.postinst|/var/lib/dpkg/info/apt.postrm|/var/lib/dpkg/info/apt.preinst|/var/lib/dpkg/info/apt.prerm|/var/lib/dpkg/info/apt.shlibs|/var/lib/dpkg/info/apt.triggers|/var/lib/dpkg/status,retained,100
grype,deb,bsdutils,CVE-2022-0563,bsdutils,bsdutils,1:2.41.5-0+deb13u1,1:2.41.5-0+deb13u1,Negligible,Negligible,not-fixed,not-fixed,,,/usr/share/doc/bsdutils/copyright|/var/lib/dpkg/info/bsdutils.list|/var/lib/dpkg/info/bsdutils.md5sums|/var/lib/dpkg/status,/usr/share/doc/bsdutils/copyright|/var/lib/dpkg/info/bsdutils.list|/var/lib/dpkg/info/bsdutils.md5sums|/var/lib/dpkg/status,retained,100
grype,deb,bsdutils,CVE-2026-3184,bsdutils,bsdutils,1:2.41.5-0+deb13u1,1:2.41.5-0+deb13u1,Medium,Medium,wont-fix,wont-fix,,,/usr/share/doc/bsdutils/copyright|/var/lib/dpkg/info/bsdutils.list|/var/lib/dpkg/info/bsdutils.md5sums|/var/lib/dpkg/status,/usr/share/doc/bsdutils/copyright|/var/lib/dpkg/info/bsdutils.list|/var/lib/dpkg/info/bsdutils.md5sums|/var/lib/dpkg/status,retained,100
grype,deb,bsdutils,CVE-2026-76642,bsdutils,bsdutils,1:2.41.5-0+deb13u1,1:2.41.5-0+deb13u1,High,High,wont-fix,wont-fix,,,/usr/share/doc/bsdutils/copyright|/var/lib/dpkg/info/bsdutils.list|/var/lib/dpkg/info/bsdutils.md5sums|/var/lib/dpkg/status,/usr/share/doc/bsdutils/copyright|/var/lib/dpkg/info/bsdutils.list|/var/lib/dpkg/info/bsdutils.md5sums|/var/lib/dpkg/status,retained,100
grype,deb,bsdutils,CVE-2026-78408,bsdutils,bsdutils,1:2.41.5-0+deb13u1,1:2.41.5-0+deb13u1,High,High,wont-fix,wont-fix,,,/usr/share/doc/bsdutils/copyright|/var/lib/dpkg/info/bsdutils.list|/var/lib/dpkg/info/bsdutils.md5sums|/var/lib/dpkg/status,/usr/share/doc/bsdutils/copyright|/var/lib/dpkg/info/bsdutils.list|/var/lib/dpkg/info/bsdutils.md5sums|/var/lib/dpkg/status,retained,100
grype,deb,bsdutils,CVE-2026-78409,bsdutils,bsdutils,1:2.41.5-0+deb13u1,1:2.41.5-0+deb13u1,High,High,wont-fix,wont-fix,,,/usr/share/doc/bsdutils/copyright|/var/lib/dpkg/info/bsdutils.list|/var/lib/dpkg/info/bsdutils.md5sums|/var/lib/dpkg/status,/usr/share/doc/bsdutils/copyright|/var/lib/dpkg/info/bsdutils.list|/var/lib/dpkg/info/bsdutils.md5sums|/var/lib/dpkg/status,retained,100
grype,deb,bsdutils,CVE-2026-78410,bsdutils,bsdutils,1:2.41.5-0+deb13u1,1:2.41.5-0+deb13u1,High,High,wont-fix,wont-fix,,,/usr/share/doc/bsdutils/copyright|/var/lib/dpkg/info/bsdutils.list|/var/lib/dpkg/info/bsdutils.md5sums|/var/lib/dpkg/status,/usr/share/doc/bsdutils/copyright|/var/lib/dpkg/info/bsdutils.list|/var/lib/dpkg/info/bsdutils.md5sums|/var/lib/dpkg/status,retained,100
grype,deb,coreutils,CVE-2017-18018,coreutils,coreutils,9.7-3,9.7-3,Negligible,Negligible,not-fixed,not-fixed,,,/usr/share/doc/coreutils/copyright|/var/lib/dpkg/info/coreutils.list|/var/lib/dpkg/info/coreutils.md5sums|/var/lib/dpkg/status,/usr/share/doc/coreutils/copyright|/var/lib/dpkg/info/coreutils.list|/var/lib/dpkg/info/coreutils.md5sums|/var/lib/dpkg/status,retained,100
grype,deb,coreutils,CVE-2025-5278,coreutils,coreutils,9.7-3,9.7-3,Negligible,Negligible,not-fixed,not-fixed,,,/usr/share/doc/coreutils/copyright|/var/lib/dpkg/info/coreutils.list|/var/lib/dpkg/info/coreutils.md5sums|/var/lib/dpkg/status,/usr/share/doc/coreutils/copyright|/var/lib/dpkg/info/coreutils.list|/var/lib/dpkg/info/coreutils.md5sums|/var/lib/dpkg/status,retained,100
grype,deb,coreutils,CVE-2026-56391,coreutils,coreutils,9.7-3,9.7-3,Negligible,Negligible,not-fixed,not-fixed,,,/usr/share/doc/coreutils/copyright|/var/lib/dpkg/info/coreutils.list|/var/lib/dpkg/info/coreutils.md5sums|/var/lib/dpkg/status,/usr/share/doc/coreutils/copyright|/var/lib/dpkg/info/coreutils.list|/var/lib/dpkg/info/coreutils.md5sums|/var/lib/dpkg/status,retained,100
grype,deb,coreutils,CVE-2026-56392,coreutils,coreutils,9.7-3,9.7-3,Negligible,Negligible,not-fixed,not-fixed,,,/usr/share/doc/coreutils/copyright|/var/lib/dpkg/info/coreutils.list|/var/lib/dpkg/info/coreutils.md5sums|/var/lib/dpkg/status,/usr/share/doc/coreutils/copyright|/var/lib/dpkg/info/coreutils.list|/var/lib/dpkg/info/coreutils.md5sums|/var/lib/dpkg/status,retained,100
grype,deb,dash,CVE-2026-102473,dash,dash,0.5.12-12,0.5.12-12,Medium,Medium,not-fixed,not-fixed,,,/usr/share/doc/dash/copyright|/var/lib/dpkg/info/dash.list|/var/lib/dpkg/info/dash.md5sums|/var/lib/dpkg/info/dash.postinst|/var/lib/dpkg/info/dash.postrm|/var/lib/dpkg/info/dash.preinst|/var/lib/dpkg/info/dash.prerm|/var/lib/dpkg/info/dash.templates|/var/lib/dpkg/status,/usr/share/doc/dash/copyright|/var/lib/dpkg/info/dash.list|/var/lib/dpkg/info/dash.md5sums|/var/lib/dpkg/info/dash.postinst|/var/lib/dpkg/info/dash.postrm|/var/lib/dpkg/info/dash.preinst|/var/lib/dpkg/info/dash.prerm|/var/lib/dpkg/info/dash.templates|/var/lib/dpkg/status,retained,100
grype,deb,dash,CVE-2026-102474,dash,dash,0.5.12-12,0.5.12-12,Negligible,Negligible,not-fixed,not-fixed,,,/usr/share/doc/dash/copyright|/var/lib/dpkg/info/dash.list|/var/lib/dpkg/info/dash.md5sums|/var/lib/dpkg/info/dash.postinst|/var/lib/dpkg/info/dash.postrm|/var/lib/dpkg/info/dash.preinst|/var/lib/dpkg/info/dash.prerm|/var/lib/dpkg/info/dash.templates|/var/lib/dpkg/status,/usr/share/doc/dash/copyright|/var/lib/dpkg/info/dash.list|/var/lib/dpkg/info/dash.md5sums|/var/lib/dpkg/info/dash.postinst|/var/lib/dpkg/info/dash.postrm|/var/lib/dpkg/info/dash.preinst|/var/lib/dpkg/info/dash.prerm|/var/lib/dpkg/info/dash.templates|/var/lib/dpkg/status,retained,100
grype,deb,diffutils,CVE-2026-53910,diffutils,diffutils,1:3.10-4,1:3.10-4,Negligible,Negligible,not-fixed,not-fixed,,,/usr/share/doc/diffutils/copyright|/var/lib/dpkg/info/diffutils.list|/var/lib/dpkg/info/diffutils.md5sums|/var/lib/dpkg/status,/usr/share/doc/diffutils/copyright|/var/lib/dpkg/info/diffutils.list|/var/lib/dpkg/info/diffutils.md5sums|/var/lib/dpkg/status,retained,100
grype,deb,gcc-14-base,CVE-2026-102010,gcc-14-base,gcc-14-base,14.2.0-19,14.2.0-19,High,High,not-fixed,not-fixed,,,/usr/share/doc/gcc-14-base/copyright|/var/lib/dpkg/info/gcc-14-base:amd64.md5sums|/var/lib/dpkg/status,/usr/share/doc/gcc-14-base/copyright|/var/lib/dpkg/info/gcc-14-base:amd64.md5sums|/var/lib/dpkg/status,retained,100
grype,deb,gcc-14-base,CVE-2026-95619,gcc-14-base,gcc-14-base,14.2.0-19,14.2.0-19,High,High,not-fixed,not-fixed,,,/usr/share/doc/gcc-14-base/copyright|/var/lib/dpkg/info/gcc-14-base:amd64.md5sums|/var/lib/dpkg/status,/usr/share/doc/gcc-14-base/copyright|/var/lib/dpkg/info/gcc-14-base:amd64.md5sums|/var/lib/dpkg/status,retained,100
grype,deb,libacl1,CVE-2026-54369,libacl1,libacl1,2.3.2-2+b1,2.3.2-2+b1,High,High,wont-fix,wont-fix,,,/usr/share/doc/libacl1/copyright|/var/lib/dpkg/info/libacl1:amd64.md5sums|/var/lib/dpkg/status,/usr/share/doc/libacl1/copyright|/var/lib/dpkg/info/libacl1:amd64.md5sums|/var/lib/dpkg/status,retained,100
grype,deb,libacl1,CVE-2026-54370,libacl1,libacl1,2.3.2-2+b1,2.3.2-2+b1,High,High,wont-fix,wont-fix,,,/usr/share/doc/libacl1/copyright|/var/lib/dpkg/info/libacl1:amd64.md5sums|/var/lib/dpkg/status,/usr/share/doc/libacl1/copyright|/var/lib/dpkg/info/libacl1:amd64.md5sums|/var/lib/dpkg/status,retained,100
grype,deb,libapt-pkg7.0,CVE-2011-3374,libapt-pkg7.0,libapt-pkg7.0,3.0.3,3.0.3,Negligible,Negligible,not-fixed,not-fixed,,,/usr/share/doc/libapt-pkg7.0/copyright|/var/lib/dpkg/info/libapt-pkg7.0:amd64.md5sums|/var/lib/dpkg/status,/usr/share/doc/libapt-pkg7.0/copyright|/var/lib/dpkg/info/libapt-pkg7.0:amd64.md5sums|/var/lib/dpkg/status,retained,100
grype,deb,libattr1,CVE-2026-54371,libattr1,libattr1,1:2.5.2-3,1:2.5.2-3,Medium,Medium,wont-fix,wont-fix,,,/usr/share/doc/libattr1/copyright|/var/lib/dpkg/info/libattr1:amd64.conffiles|/var/lib/dpkg/info/libattr1:amd64.md5sums|/var/lib/dpkg/status,/usr/share/doc/libattr1/copyright|/var/lib/dpkg/info/libattr1:amd64.conffiles|/var/lib/dpkg/info/libattr1:amd64.md5sums|/var/lib/dpkg/status,retained,100
grype,deb,libblkid1,CVE-2022-0563,libblkid1,libblkid1,2.41.5-0+deb13u1,2.41.5-0+deb13u1,Negligible,Negligible,not-fixed,not-fixed,,,/usr/share/doc/libblkid1/copyright|/var/lib/dpkg/info/libblkid1:amd64.md5sums|/var/lib/dpkg/status,/usr/share/doc/libblkid1/copyright|/var/lib/dpkg/info/libblkid1:amd64.md5sums|/var/lib/dpkg/status,retained,100
grype,deb,libblkid1,CVE-2026-3184,libblkid1,libblkid1,2.41.5-0+deb13u1,2.41.5-0+deb13u1,Medium,Medium,wont-fix,wont-fix,,,/usr/share/doc/libblkid1/copyright|/var/lib/dpkg/info/libblkid1:amd64.md5sums|/var/lib/dpkg/status,/usr/share/doc/libblkid1/copyright|/var/lib/dpkg/info/libblkid1:amd64.md5sums|/var/lib/dpkg/status,retained,100
grype,deb,libblkid1,CVE-2026-76642,libblkid1,libblkid1,2.41.5-0+deb13u1,2.41.5-0+deb13u1,High,High,wont-fix,wont-fix,,,/usr/share/doc/libblkid1/copyright|/var/lib/dpkg/info/libblkid1:amd64.md5sums|/var/lib/dpkg/status,/usr/share/doc/libblkid1/copyright|/var/lib/dpkg/info/libblkid1:amd64.md5sums|/var/lib/dpkg/status,retained,100
grype,deb,libblkid1,CVE-2026-78408,libblkid1,libblkid1,2.41.5-0+deb13u1,2.41.5-0+deb13u1,High,High,wont-fix,wont-fix,,,/usr/share/doc/libblkid1/copyright|/var/lib/dpkg/info/libblkid1:amd64.md5sums|/var/lib/dpkg/status,/usr/share/doc/libblkid1/copyright|/var/lib/dpkg/info/libblkid1:amd64.md5sums|/var/lib/dpkg/status,retained,100
grype,deb,libblkid1,CVE-2026-78409,libblkid1,libblkid1,2.41.5-0+deb13u1,2.41.5-0+deb13u1,High,High,wont-fix,wont-fix,,,/usr/share/doc/libblkid1/copyright|/var/lib/dpkg/info/libblkid1:amd64.md5sums|/var/lib/dpkg/status,/usr/share/doc/libblkid1/copyright|/var/lib/dpkg/info/libblkid1:amd64.md5sums|/var/lib/dpkg/status,retained,100
grype,deb,libblkid1,CVE-2026-78410,libblkid1,libblkid1,2.41.5-0+deb13u1,2.41.5-0+deb13u1,High,High,wont-fix,wont-fix,,,/usr/share/doc/libblkid1/copyright|/var/lib/dpkg/info/libblkid1:amd64.md5sums|/var/lib/dpkg/status,/usr/share/doc/libblkid1/copyright|/var/lib/dpkg/info/libblkid1:amd64.md5sums|/var/lib/dpkg/status,retained,100
grype,deb,libbz2-1.0,CVE-2026-42250,libbz2-1.0,libbz2-1.0,1.0.8-6,1.0.8-6,Medium,Medium,wont-fix,wont-fix,,,/usr/share/doc/libbz2-1.0/copyright|/var/lib/dpkg/info/libbz2-1.0:amd64.md5sums|/var/lib/dpkg/status,/usr/share/doc/libbz2-1.0/copyright|/var/lib/dpkg/info/libbz2-1.0:amd64.md5sums|/var/lib/dpkg/status,retained,100
grype,deb,libc-bin,CVE-2010-4756,libc-bin,libc-bin,2.41-12+deb13u4,2.41-12+deb13u4,Negligible,Negligible,not-fixed,not-fixed,,,/usr/share/doc/libc-bin/copyright|/var/lib/dpkg/info/libc-bin.conffiles|/var/lib/dpkg/info/libc-bin.list|/var/lib/dpkg/info/libc-bin.md5sums|/var/lib/dpkg/info/libc-bin.postinst|/var/lib/dpkg/info/libc-bin.triggers|/var/lib/dpkg/status,/usr/share/doc/libc-bin/copyright|/var/lib/dpkg/info/libc-bin.conffiles|/var/lib/dpkg/info/libc-bin.list|/var/lib/dpkg/info/libc-bin.md5sums|/var/lib/dpkg/info/libc-bin.postinst|/var/lib/dpkg/info/libc-bin.triggers|/var/lib/dpkg/status,retained,100
grype,deb,libc-bin,CVE-2018-20796,libc-bin,libc-bin,2.41-12+deb13u4,2.41-12+deb13u4,Negligible,Negligible,not-fixed,not-fixed,,,/usr/share/doc/libc-bin/copyright|/var/lib/dpkg/info/libc-bin.conffiles|/var/lib/dpkg/info/libc-bin.list|/var/lib/dpkg/info/libc-bin.md5sums|/var/lib/dpkg/info/libc-bin.postinst|/var/lib/dpkg/info/libc-bin.triggers|/var/lib/dpkg/status,/usr/share/doc/libc-bin/copyright|/var/lib/dpkg/info/libc-bin.conffiles|/var/lib/dpkg/info/libc-bin.list|/var/lib/dpkg/info/libc-bin.md5sums|/var/lib/dpkg/info/libc-bin.postinst|/var/lib/dpkg/info/libc-bin.triggers|/var/lib/dpkg/status,retained,100
grype,deb,libc-bin,CVE-2019-1010022,libc-bin,libc-bin,2.41-12+deb13u4,2.41-12+deb13u4,Negligible,Negligible,not-fixed,not-fixed,,,/usr/share/doc/libc-bin/copyright|/var/lib/dpkg/info/libc-bin.conffiles|/var/lib/dpkg/info/libc-bin.list|/var/lib/dpkg/info/libc-bin.md5sums|/var/lib/dpkg/info/libc-bin.postinst|/var/lib/dpkg/info/libc-bin.triggers|/var/lib/dpkg/status,/usr/share/doc/libc-bin/copyright|/var/lib/dpkg/info/libc-bin.conffiles|/var/lib/dpkg/info/libc-bin.list|/var/lib/dpkg/info/libc-bin.md5sums|/var/lib/dpkg/info/libc-bin.postinst|/var/lib/dpkg/info/libc-bin.triggers|/var/lib/dpkg/status,retained,100
grype,deb,libc-bin,CVE-2019-1010023,libc-bin,libc-bin,2.41-12+deb13u4,2.41-12+deb13u4,Negligible,Negligible,not-fixed,not-fixed,,,/usr/share/doc/libc-bin/copyright|/var/lib/dpkg/info/libc-bin.conffiles|/var/lib/dpkg/info/libc-bin.list|/var/lib/dpkg/info/libc-bin.md5sums|/var/lib/dpkg/info/libc-bin.postinst|/var/lib/dpkg/info/libc-bin.triggers|/var/lib/dpkg/status,/usr/share/doc/libc-bin/copyright|/var/lib/dpkg/info/libc-bin.conffiles|/var/lib/dpkg/info/libc-bin.list|/var/lib/dpkg/info/libc-bin.md5sums|/var/lib/dpkg/info/libc-bin.postinst|/var/lib/dpkg/info/libc-bin.triggers|/var/lib/dpkg/status,retained,100
grype,deb,libc-bin,CVE-2019-1010024,libc-bin,libc-bin,2.41-12+deb13u4,2.41-12+deb13u4,Negligible,Negligible,not-fixed,not-fixed,,,/usr/share/doc/libc-bin/copyright|/var/lib/dpkg/info/libc-bin.conffiles|/var/lib/dpkg/info/libc-bin.list|/var/lib/dpkg/info/libc-bin.md5sums|/var/lib/dpkg/info/libc-bin.postinst|/var/lib/dpkg/info/libc-bin.triggers|/var/lib/dpkg/status,/usr/share/doc/libc-bin/copyright|/var/lib/dpkg/info/libc-bin.conffiles|/var/lib/dpkg/info/libc-bin.list|/var/lib/dpkg/info/libc-bin.md5sums|/var/lib/dpkg/info/libc-bin.postinst|/var/lib/dpkg/info/libc-bin.triggers|/var/lib/dpkg/status,retained,100
grype,deb,libc-bin,CVE-2019-1010025,libc-bin,libc-bin,2.41-12+deb13u4,2.41-12+deb13u4,Negligible,Negligible,not-fixed,not-fixed,,,/usr/share/doc/libc-bin/copyright|/var/lib/dpkg/info/libc-bin.conffiles|/var/lib/dpkg/info/libc-bin.list|/var/lib/dpkg/info/libc-bin.md5sums|/var/lib/dpkg/info/libc-bin.postinst|/var/lib/dpkg/info/libc-bin.triggers|/var/lib/dpkg/status,/usr/share/doc/libc-bin/copyright|/var/lib/dpkg/info/libc-bin.conffiles|/var/lib/dpkg/info/libc-bin.list|/var/lib/dpkg/info/libc-bin.md5sums|/var/lib/dpkg/info/libc-bin.postinst|/var/lib/dpkg/info/libc-bin.triggers|/var/lib/dpkg/status,retained,100
grype,deb,libc-bin,CVE-2019-9192,libc-bin,libc-bin,2.41-12+deb13u4,2.41-12+deb13u4,Negligible,Negligible,not-fixed,not-fixed,,,/usr/share/doc/libc-bin/copyright|/var/lib/dpkg/info/libc-bin.conffiles|/var/lib/dpkg/info/libc-bin.list|/var/lib/dpkg/info/libc-bin.md5sums|/var/lib/dpkg/info/libc-bin.postinst|/var/lib/dpkg/info/libc-bin.triggers|/var/lib/dpkg/status,/usr/share/doc/libc-bin/copyright|/var/lib/dpkg/info/libc-bin.conffiles|/var/lib/dpkg/info/libc-bin.list|/var/lib/dpkg/info/libc-bin.md5sums|/var/lib/dpkg/info/libc-bin.postinst|/var/lib/dpkg/info/libc-bin.triggers|/var/lib/dpkg/status,retained,100
grype,deb,libc-bin,CVE-2026-18374,libc-bin,libc-bin,2.41-12+deb13u4,2.41-12+deb13u4,Medium,Medium,wont-fix,wont-fix,,,/usr/share/doc/libc-bin/copyright|/var/lib/dpkg/info/libc-bin.conffiles|/var/lib/dpkg/info/libc-bin.list|/var/lib/dpkg/info/libc-bin.md5sums|/var/lib/dpkg/info/libc-bin.postinst|/var/lib/dpkg/info/libc-bin.triggers|/var/lib/dpkg/status,/usr/share/doc/libc-bin/copyright|/var/lib/dpkg/info/libc-bin.conffiles|/var/lib/dpkg/info/libc-bin.list|/var/lib/dpkg/info/libc-bin.md5sums|/var/lib/dpkg/info/libc-bin.postinst|/var/lib/dpkg/info/libc-bin.triggers|/var/lib/dpkg/status,retained,100
grype,deb,libc-bin,CVE-2026-19499,libc-bin,libc-bin,2.41-12+deb13u4,2.41-12+deb13u4,High,High,wont-fix,wont-fix,,,/usr/share/doc/libc-bin/copyright|/var/lib/dpkg/info/libc-bin.conffiles|/var/lib/dpkg/info/libc-bin.list|/var/lib/dpkg/info/libc-bin.md5sums|/var/lib/dpkg/info/libc-bin.postinst|/var/lib/dpkg/info/libc-bin.triggers|/var/lib/dpkg/status,/usr/share/doc/libc-bin/copyright|/var/lib/dpkg/info/libc-bin.conffiles|/var/lib/dpkg/info/libc-bin.list|/var/lib/dpkg/info/libc-bin.md5sums|/var/lib/dpkg/info/libc-bin.postinst|/var/lib/dpkg/info/libc-bin.triggers|/var/lib/dpkg/status,retained,100
grype,deb,libc-bin,CVE-2026-19542,libc-bin,libc-bin,2.41-12+deb13u4,2.41-12+deb13u4,Medium,Medium,wont-fix,wont-fix,,,/usr/share/doc/libc-bin/copyright|/var/lib/dpkg/info/libc-bin.conffiles|/var/lib/dpkg/info/libc-bin.list|/var/lib/dpkg/info/libc-bin.md5sums|/var/lib/dpkg/info/libc-bin.postinst|/var/lib/dpkg/info/libc-bin.triggers|/var/lib/dpkg/status,/usr/share/doc/libc-bin/copyright|/var/lib/dpkg/info/libc-bin.conffiles|/var/lib/dpkg/info/libc-bin.list|/var/lib/dpkg/info/libc-bin.md5sums|/var/lib/dpkg/info/libc-bin.postinst|/var/lib/dpkg/info/libc-bin.triggers|/var/lib/dpkg/status,retained,100
grype,deb,libc-bin,CVE-2026-5435,libc-bin,libc-bin,2.41-12+deb13u4,2.41-12+deb13u4,High,High,wont-fix,wont-fix,,,/usr/share/doc/libc-bin/copyright|/var/lib/dpkg/info/libc-bin.conffiles|/var/lib/dpkg/info/libc-bin.list|/var/lib/dpkg/info/libc-bin.md5sums|/var/lib/dpkg/info/libc-bin.postinst|/var/lib/dpkg/info/libc-bin.triggers|/var/lib/dpkg/status,/usr/share/doc/libc-bin/copyright|/var/lib/dpkg/info/libc-bin.conffiles|/var/lib/dpkg/info/libc-bin.list|/var/lib/dpkg/info/libc-bin.md5sums|/var/lib/dpkg/info/libc-bin.postinst|/var/lib/dpkg/info/libc-bin.triggers|/var/lib/dpkg/status,retained,100
grype,deb,libc-bin,CVE-2026-6238,libc-bin,libc-bin,2.41-12+deb13u4,2.41-12+deb13u4,Medium,Medium,wont-fix,wont-fix,,,/usr/share/doc/libc-bin/copyright|/var/lib/dpkg/info/libc-bin.conffiles|/var/lib/dpkg/info/libc-bin.list|/var/lib/dpkg/info/libc-bin.md5sums|/var/lib/dpkg/info/libc-bin.postinst|/var/lib/dpkg/info/libc-bin.triggers|/var/lib/dpkg/status,/usr/share/doc/libc-bin/copyright|/var/lib/dpkg/info/libc-bin.conffiles|/var/lib/dpkg/info/libc-bin.list|/var/lib/dpkg/info/libc-bin.md5sums|/var/lib/dpkg/info/libc-bin.postinst|/var/lib/dpkg/info/libc-bin.triggers|/var/lib/dpkg/status,retained,100
grype,deb,libc-bin,CVE-2026-6368,libc-bin,libc-bin,2.41-12+deb13u4,2.41-12+deb13u4,Low,Low,wont-fix,wont-fix,,,/usr/share/doc/libc-bin/copyright|/var/lib/dpkg/info/libc-bin.conffiles|/var/lib/dpkg/info/libc-bin.list|/var/lib/dpkg/info/libc-bin.md5sums|/var/lib/dpkg/info/libc-bin.postinst|/var/lib/dpkg/info/libc-bin.triggers|/var/lib/dpkg/status,/usr/share/doc/libc-bin/copyright|/var/lib/dpkg/info/libc-bin.conffiles|/var/lib/dpkg/info/libc-bin.list|/var/lib/dpkg/info/libc-bin.md5sums|/var/lib/dpkg/info/libc-bin.postinst|/var/lib/dpkg/info/libc-bin.triggers|/var/lib/dpkg/status,retained,100
grype,deb,libc-bin,CVE-2026-6791,libc-bin,libc-bin,2.41-12+deb13u4,2.41-12+deb13u4,Medium,Medium,wont-fix,wont-fix,,,/usr/share/doc/libc-bin/copyright|/var/lib/dpkg/info/libc-bin.conffiles|/var/lib/dpkg/info/libc-bin.list|/var/lib/dpkg/info/libc-bin.md5sums|/var/lib/dpkg/info/libc-bin.postinst|/var/lib/dpkg/info/libc-bin.triggers|/var/lib/dpkg/status,/usr/share/doc/libc-bin/copyright|/var/lib/dpkg/info/libc-bin.conffiles|/var/lib/dpkg/info/libc-bin.list|/var/lib/dpkg/info/libc-bin.md5sums|/var/lib/dpkg/info/libc-bin.postinst|/var/lib/dpkg/info/libc-bin.triggers|/var/lib/dpkg/status,retained,100
grype,deb,libc-bin,CVE-2026-77117,libc-bin,libc-bin,2.41-12+deb13u4,2.41-12+deb13u4,Medium,Medium,wont-fix,wont-fix,,,/usr/share/doc/libc-bin/copyright|/var/lib/dpkg/info/libc-bin.conffiles|/var/lib/dpkg/info/libc-bin.list|/var/lib/dpkg/info/libc-bin.md5sums|/var/lib/dpkg/info/libc-bin.postinst|/var/lib/dpkg/info/libc-bin.triggers|/var/lib/dpkg/status,/usr/share/doc/libc-bin/copyright|/var/lib/dpkg/info/libc-bin.conffiles|/var/lib/dpkg/info/libc-bin.list|/var/lib/dpkg/info/libc-bin.md5sums|/var/lib/dpkg/info/libc-bin.postinst|/var/lib/dpkg/info/libc-bin.triggers|/var/lib/dpkg/status,retained,100
grype,deb,libc-bin,CVE-2026-80489,libc-bin,libc-bin,2.41-12+deb13u4,2.41-12+deb13u4,Medium,Medium,wont-fix,wont-fix,,,/usr/share/doc/libc-bin/copyright|/var/lib/dpkg/info/libc-bin.conffiles|/var/lib/dpkg/info/libc-bin.list|/var/lib/dpkg/info/libc-bin.md5sums|/var/lib/dpkg/info/libc-bin.postinst|/var/lib/dpkg/info/libc-bin.triggers|/var/lib/dpkg/status,/usr/share/doc/libc-bin/copyright|/var/lib/dpkg/info/libc-bin.conffiles|/var/lib/dpkg/info/libc-bin.list|/var/lib/dpkg/info/libc-bin.md5sums|/var/lib/dpkg/info/libc-bin.postinst|/var/lib/dpkg/info/libc-bin.triggers|/var/lib/dpkg/status,retained,100
grype,deb,libc-bin,CVE-2026-8674,libc-bin,libc-bin,2.41-12+deb13u4,2.41-12+deb13u4,Medium,Medium,wont-fix,wont-fix,,,/usr/share/doc/libc-bin/copyright|/var/lib/dpkg/info/libc-bin.conffiles|/var/lib/dpkg/info/libc-bin.list|/var/lib/dpkg/info/libc-bin.md5sums|/var/lib/dpkg/info/libc-bin.postinst|/var/lib/dpkg/info/libc-bin.triggers|/var/lib/dpkg/status,/usr/share/doc/libc-bin/copyright|/var/lib/dpkg/info/libc-bin.conffiles|/var/lib/dpkg/info/libc-bin.list|/var/lib/dpkg/info/libc-bin.md5sums|/var/lib/dpkg/info/libc-bin.postinst|/var/lib/dpkg/info/libc-bin.triggers|/var/lib/dpkg/status,retained,100
grype,deb,libc-bin,CVE-2026-86805,libc-bin,libc-bin,2.41-12+deb13u4,2.41-12+deb13u4,Medium,Medium,wont-fix,wont-fix,,,/usr/share/doc/libc-bin/copyright|/var/lib/dpkg/info/libc-bin.conffiles|/var/lib/dpkg/info/libc-bin.list|/var/lib/dpkg/info/libc-bin.md5sums|/var/lib/dpkg/info/libc-bin.postinst|/var/lib/dpkg/info/libc-bin.triggers|/var/lib/dpkg/status,/usr/share/doc/libc-bin/copyright|/var/lib/dpkg/info/libc-bin.conffiles|/var/lib/dpkg/info/libc-bin.list|/var/lib/dpkg/info/libc-bin.md5sums|/var/lib/dpkg/info/libc-bin.postinst|/var/lib/dpkg/info/libc-bin.triggers|/var/lib/dpkg/status,retained,100
grype,deb,libc-bin,CVE-2026-89092,libc-bin,libc-bin,2.41-12+deb13u4,2.41-12+deb13u4,Medium,Medium,wont-fix,wont-fix,,,/usr/share/doc/libc-bin/copyright|/var/lib/dpkg/info/libc-bin.conffiles|/var/lib/dpkg/info/libc-bin.list|/var/lib/dpkg/info/libc-bin.md5sums|/var/lib/dpkg/info/libc-bin.postinst|/var/lib/dpkg/info/libc-bin.triggers|/var/lib/dpkg/status,/usr/share/doc/libc-bin/copyright|/var/lib/dpkg/info/libc-bin.conffiles|/var/lib/dpkg/info/libc-bin.list|/var/lib/dpkg/info/libc-bin.md5sums|/var/lib/dpkg/info/libc-bin.postinst|/var/lib/dpkg/info/libc-bin.triggers|/var/lib/dpkg/status,retained,100
grype,deb,libc-bin,CVE-2026-95818,libc-bin,libc-bin,2.41-12+deb13u4,2.41-12+deb13u4,Low,Low,wont-fix,wont-fix,,,/usr/share/doc/libc-bin/copyright|/var/lib/dpkg/info/libc-bin.conffiles|/var/lib/dpkg/info/libc-bin.list|/var/lib/dpkg/info/libc-bin.md5sums|/var/lib/dpkg/info/libc-bin.postinst|/var/lib/dpkg/info/libc-bin.triggers|/var/lib/dpkg/status,/usr/share/doc/libc-bin/copyright|/var/lib/dpkg/info/libc-bin.conffiles|/var/lib/dpkg/info/libc-bin.list|/var/lib/dpkg/info/libc-bin.md5sums|/var/lib/dpkg/info/libc-bin.postinst|/var/lib/dpkg/info/libc-bin.triggers|/var/lib/dpkg/status,retained,100
grype,deb,libc-bin,CVE-2026-97399,libc-bin,libc-bin,2.41-12+deb13u4,2.41-12+deb13u4,Low,Low,wont-fix,wont-fix,,,/usr/share/doc/libc-bin/copyright|/var/lib/dpkg/info/libc-bin.conffiles|/var/lib/dpkg/info/libc-bin.list|/var/lib/dpkg/info/libc-bin.md5sums|/var/lib/dpkg/info/libc-bin.postinst|/var/lib/dpkg/info/libc-bin.triggers|/var/lib/dpkg/status,/usr/share/doc/libc-bin/copyright|/var/lib/dpkg/info/libc-bin.conffiles|/var/lib/dpkg/info/libc-bin.list|/var/lib/dpkg/info/libc-bin.md5sums|/var/lib/dpkg/info/libc-bin.postinst|/var/lib/dpkg/info/libc-bin.triggers|/var/lib/dpkg/status,retained,100
grype,deb,libc6,CVE-2010-4756,libc6,libc6,2.41-12+deb13u4,2.41-12+deb13u4,Negligible,Negligible,not-fixed,not-fixed,,,/usr/share/doc/libc6/copyright|/var/lib/dpkg/info/libc6:amd64.conffiles|/var/lib/dpkg/info/libc6:amd64.md5sums|/var/lib/dpkg/status,/usr/share/doc/libc6/copyright|/var/lib/dpkg/info/libc6:amd64.conffiles|/var/lib/dpkg/info/libc6:amd64.md5sums|/var/lib/dpkg/status,retained,100
grype,deb,libc6,CVE-2018-20796,libc6,libc6,2.41-12+deb13u4,2.41-12+deb13u4,Negligible,Negligible,not-fixed,not-fixed,,,/usr/share/doc/libc6/copyright|/var/lib/dpkg/info/libc6:amd64.conffiles|/var/lib/dpkg/info/libc6:amd64.md5sums|/var/lib/dpkg/status,/usr/share/doc/libc6/copyright|/var/lib/dpkg/info/libc6:amd64.conffiles|/var/lib/dpkg/info/libc6:amd64.md5sums|/var/lib/dpkg/status,retained,100
grype,deb,libc6,CVE-2019-1010022,libc6,libc6,2.41-12+deb13u4,2.41-12+deb13u4,Negligible,Negligible,not-fixed,not-fixed,,,/usr/share/doc/libc6/copyright|/var/lib/dpkg/info/libc6:amd64.conffiles|/var/lib/dpkg/info/libc6:amd64.md5sums|/var/lib/dpkg/status,/usr/share/doc/libc6/copyright|/var/lib/dpkg/info/libc6:amd64.conffiles|/var/lib/dpkg/info/libc6:amd64.md5sums|/var/lib/dpkg/status,retained,100
grype,deb,libc6,CVE-2019-1010023,libc6,libc6,2.41-12+deb13u4,2.41-12+deb13u4,Negligible,Negligible,not-fixed,not-fixed,,,/usr/share/doc/libc6/copyright|/var/lib/dpkg/info/libc6:amd64.conffiles|/var/lib/dpkg/info/libc6:amd64.md5sums|/var/lib/dpkg/status,/usr/share/doc/libc6/copyright|/var/lib/dpkg/info/libc6:amd64.conffiles|/var/lib/dpkg/info/libc6:amd64.md5sums|/var/lib/dpkg/status,retained,100
grype,deb,libc6,CVE-2019-1010024,libc6,libc6,2.41-12+deb13u4,2.41-12+deb13u4,Negligible,Negligible,not-fixed,not-fixed,,,/usr/share/doc/libc6/copyright|/var/lib/dpkg/info/libc6:amd64.conffiles|/var/lib/dpkg/info/libc6:amd64.md5sums|/var/lib/dpkg/status,/usr/share/doc/libc6/copyright|/var/lib/dpkg/info/libc6:amd64.conffiles|/var/lib/dpkg/info/libc6:amd64.md5sums|/var/lib/dpkg/status,retained,100
grype,deb,libc6,CVE-2019-1010025,libc6,libc6,2.41-12+deb13u4,2.41-12+deb13u4,Negligible,Negligible,not-fixed,not-fixed,,,/usr/share/doc/libc6/copyright|/var/lib/dpkg/info/libc6:amd64.conffiles|/var/lib/dpkg/info/libc6:amd64.md5sums|/var/lib/dpkg/status,/usr/share/doc/libc6/copyright|/var/lib/dpkg/info/libc6:amd64.conffiles|/var/lib/dpkg/info/libc6:amd64.md5sums|/var/lib/dpkg/status,retained,100
grype,deb,libc6,CVE-2019-9192,libc6,libc6,2.41-12+deb13u4,2.41-12+deb13u4,Negligible,Negligible,not-fixed,not-fixed,,,/usr/share/doc/libc6/copyright|/var/lib/dpkg/info/libc6:amd64.conffiles|/var/lib/dpkg/info/libc6:amd64.md5sums|/var/lib/dpkg/status,/usr/share/doc/libc6/copyright|/var/lib/dpkg/info/libc6:amd64.conffiles|/var/lib/dpkg/info/libc6:amd64.md5sums|/var/lib/dpkg/status,retained,100
grype,deb,libc6,CVE-2026-18374,libc6,libc6,2.41-12+deb13u4,2.41-12+deb13u4,Medium,Medium,wont-fix,wont-fix,,,/usr/share/doc/libc6/copyright|/var/lib/dpkg/info/libc6:amd64.conffiles|/var/lib/dpkg/info/libc6:amd64.md5sums|/var/lib/dpkg/status,/usr/share/doc/libc6/copyright|/var/lib/dpkg/info/libc6:amd64.conffiles|/var/lib/dpkg/info/libc6:amd64.md5sums|/var/lib/dpkg/status,retained,100
grype,deb,libc6,CVE-2026-19499,libc6,libc6,2.41-12+deb13u4,2.41-12+deb13u4,High,High,wont-fix,wont-fix,,,/usr/share/doc/libc6/copyright|/var/lib/dpkg/info/libc6:amd64.conffiles|/var/lib/dpkg/info/libc6:amd64.md5sums|/var/lib/dpkg/status,/usr/share/doc/libc6/copyright|/var/lib/dpkg/info/libc6:amd64.conffiles|/var/lib/dpkg/info/libc6:amd64.md5sums|/var/lib/dpkg/status,retained,100
grype,deb,libc6,CVE-2026-19542,libc6,libc6,2.41-12+deb13u4,2.41-12+deb13u4,Medium,Medium,wont-fix,wont-fix,,,/usr/share/doc/libc6/copyright|/var/lib/dpkg/info/libc6:amd64.conffiles|/var/lib/dpkg/info/libc6:amd64.md5sums|/var/lib/dpkg/status,/usr/share/doc/libc6/copyright|/var/lib/dpkg/info/libc6:amd64.conffiles|/var/lib/dpkg/info/libc6:amd64.md5sums|/var/lib/dpkg/status,retained,100
grype,deb,libc6,CVE-2026-5435,libc6,libc6,2.41-12+deb13u4,2.41-12+deb13u4,High,High,wont-fix,wont-fix,,,/usr/share/doc/libc6/copyright|/var/lib/dpkg/info/libc6:amd64.conffiles|/var/lib/dpkg/info/libc6:amd64.md5sums|/var/lib/dpkg/status,/usr/share/doc/libc6/copyright|/var/lib/dpkg/info/libc6:amd64.conffiles|/var/lib/dpkg/info/libc6:amd64.md5sums|/var/lib/dpkg/status,retained,100
grype,deb,libc6,CVE-2026-6238,libc6,libc6,2.41-12+deb13u4,2.41-12+deb13u4,Medium,Medium,wont-fix,wont-fix,,,/usr/share/doc/libc6/copyright|/var/lib/dpkg/info/libc6:amd64.conffiles|/var/lib/dpkg/info/libc6:amd64.md5sums|/var/lib/dpkg/status,/usr/share/doc/libc6/copyright|/var/lib/dpkg/info/libc6:amd64.conffiles|/var/lib/dpkg/info/libc6:amd64.md5sums|/var/lib/dpkg/status,retained,100
grype,deb,libc6,CVE-2026-6368,libc6,libc6,2.41-12+deb13u4,2.41-12+deb13u4,Low,Low,wont-fix,wont-fix,,,/usr/share/doc/libc6/copyright|/var/lib/dpkg/info/libc6:amd64.conffiles|/var/lib/dpkg/info/libc6:amd64.md5sums|/var/lib/dpkg/status,/usr/share/doc/libc6/copyright|/var/lib/dpkg/info/libc6:amd64.conffiles|/var/lib/dpkg/info/libc6:amd64.md5sums|/var/lib/dpkg/status,retained,100
grype,deb,libc6,CVE-2026-6791,libc6,libc6,2.41-12+deb13u4,2.41-12+deb13u4,Medium,Medium,wont-fix,wont-fix,,,/usr/share/doc/libc6/copyright|/var/lib/dpkg/info/libc6:amd64.conffiles|/var/lib/dpkg/info/libc6:amd64.md5sums|/var/lib/dpkg/status,/usr/share/doc/libc6/copyright|/var/lib/dpkg/info/libc6:amd64.conffiles|/var/lib/dpkg/info/libc6:amd64.md5sums|/var/lib/dpkg/status,retained,100
grype,deb,libc6,CVE-2026-77117,libc6,libc6,2.41-12+deb13u4,2.41-12+deb13u4,Medium,Medium,wont-fix,wont-fix,,,/usr/share/doc/libc6/copyright|/var/lib/dpkg/info/libc6:amd64.conffiles|/var/lib/dpkg/info/libc6:amd64.md5sums|/var/lib/dpkg/status,/usr/share/doc/libc6/copyright|/var/lib/dpkg/info/libc6:amd64.conffiles|/var/lib/dpkg/info/libc6:amd64.md5sums|/var/lib/dpkg/status,retained,100
grype,deb,libc6,CVE-2026-80489,libc6,libc6,2.41-12+deb13u4,2.41-12+deb13u4,Medium,Medium,wont-fix,wont-fix,,,/usr/share/doc/libc6/copyright|/var/lib/dpkg/info/libc6:amd64.conffiles|/var/lib/dpkg/info/libc6:amd64.md5sums|/var/lib/dpkg/status,/usr/share/doc/libc6/copyright|/var/lib/dpkg/info/libc6:amd64.conffiles|/var/lib/dpkg/info/libc6:amd64.md5sums|/var/lib/dpkg/status,retained,100
grype,deb,libc6,CVE-2026-8674,libc6,libc6,2.41-12+deb13u4,2.41-12+deb13u4,Medium,Medium,wont-fix,wont-fix,,,/usr/share/doc/libc6/copyright|/var/lib/dpkg/info/libc6:amd64.conffiles|/var/lib/dpkg/info/libc6:amd64.md5sums|/var/lib/dpkg/status,/usr/share/doc/libc6/copyright|/var/lib/dpkg/info/libc6:amd64.conffiles|/var/lib/dpkg/info/libc6:amd64.md5sums|/var/lib/dpkg/status,retained,100
grype,deb,libc6,CVE-2026-86805,libc6,libc6,2.41-12+deb13u4,2.41-12+deb13u4,Medium,Medium,wont-fix,wont-fix,,,/usr/share/doc/libc6/copyright|/var/lib/dpkg/info/libc6:amd64.conffiles|/var/lib/dpkg/info/libc6:amd64.md5sums|/var/lib/dpkg/status,/usr/share/doc/libc6/copyright|/var/lib/dpkg/info/libc6:amd64.conffiles|/var/lib/dpkg/info/libc6:amd64.md5sums|/var/lib/dpkg/status,retained,100
grype,deb,libc6,CVE-2026-89092,libc6,libc6,2.41-12+deb13u4,2.41-12+deb13u4,Medium,Medium,wont-fix,wont-fix,,,/usr/share/doc/libc6/copyright|/var/lib/dpkg/info/libc6:amd64.conffiles|/var/lib/dpkg/info/libc6:amd64.md5sums|/var/lib/dpkg/status,/usr/share/doc/libc6/copyright|/var/lib/dpkg/info/libc6:amd64.conffiles|/var/lib/dpkg/info/libc6:amd64.md5sums|/var/lib/dpkg/status,retained,100
grype,deb,libc6,CVE-2026-95818,libc6,libc6,2.41-12+deb13u4,2.41-12+deb13u4,Low,Low,wont-fix,wont-fix,,,/usr/share/doc/libc6/copyright|/var/lib/dpkg/info/libc6:amd64.conffiles|/var/lib/dpkg/info/libc6:amd64.md5sums|/var/lib/dpkg/status,/usr/share/doc/libc6/copyright|/var/lib/dpkg/info/libc6:amd64.conffiles|/var/lib/dpkg/info/libc6:amd64.md5sums|/var/lib/dpkg/status,retained,100
grype,deb,libc6,CVE-2026-97399,libc6,libc6,2.41-12+deb13u4,2.41-12+deb13u4,Low,Low,wont-fix,wont-fix,,,/usr/share/doc/libc6/copyright|/var/lib/dpkg/info/libc6:amd64.conffiles|/var/lib/dpkg/info/libc6:amd64.md5sums|/var/lib/dpkg/status,/usr/share/doc/libc6/copyright|/var/lib/dpkg/info/libc6:amd64.conffiles|/var/lib/dpkg/info/libc6:amd64.md5sums|/var/lib/dpkg/status,retained,100
grype,deb,libgcc-s1,CVE-2026-102010,libgcc-s1,libgcc-s1,14.2.0-19,14.2.0-19,High,High,not-fixed,not-fixed,,,/usr/share/doc/gcc-14-base/copyright|/var/lib/dpkg/info/libgcc-s1:amd64.md5sums|/var/lib/dpkg/status,/usr/share/doc/gcc-14-base/copyright|/var/lib/dpkg/info/libgcc-s1:amd64.md5sums|/var/lib/dpkg/status,retained,100
grype,deb,libgcc-s1,CVE-2026-95619,libgcc-s1,libgcc-s1,14.2.0-19,14.2.0-19,High,High,not-fixed,not-fixed,,,/usr/share/doc/gcc-14-base/copyright|/var/lib/dpkg/info/libgcc-s1:amd64.md5sums|/var/lib/dpkg/status,/usr/share/doc/gcc-14-base/copyright|/var/lib/dpkg/info/libgcc-s1:amd64.md5sums|/var/lib/dpkg/status,retained,100
grype,deb,liblastlog2-2,CVE-2022-0563,liblastlog2-2,liblastlog2-2,2.41.5-0+deb13u1,2.41.5-0+deb13u1,Negligible,Negligible,not-fixed,not-fixed,,,/usr/share/doc/liblastlog2-2/copyright|/var/lib/dpkg/info/liblastlog2-2:amd64.md5sums|/var/lib/dpkg/status,/usr/share/doc/liblastlog2-2/copyright|/var/lib/dpkg/info/liblastlog2-2:amd64.md5sums|/var/lib/dpkg/status,retained,100
grype,deb,liblastlog2-2,CVE-2026-3184,liblastlog2-2,liblastlog2-2,2.41.5-0+deb13u1,2.41.5-0+deb13u1,Medium,Medium,wont-fix,wont-fix,,,/usr/share/doc/liblastlog2-2/copyright|/var/lib/dpkg/info/liblastlog2-2:amd64.md5sums|/var/lib/dpkg/status,/usr/share/doc/liblastlog2-2/copyright|/var/lib/dpkg/info/liblastlog2-2:amd64.md5sums|/var/lib/dpkg/status,retained,100
grype,deb,liblastlog2-2,CVE-2026-76642,liblastlog2-2,liblastlog2-2,2.41.5-0+deb13u1,2.41.5-0+deb13u1,High,High,wont-fix,wont-fix,,,/usr/share/doc/liblastlog2-2/copyright|/var/lib/dpkg/info/liblastlog2-2:amd64.md5sums|/var/lib/dpkg/status,/usr/share/doc/liblastlog2-2/copyright|/var/lib/dpkg/info/liblastlog2-2:amd64.md5sums|/var/lib/dpkg/status,retained,100
grype,deb,liblastlog2-2,CVE-2026-78408,liblastlog2-2,liblastlog2-2,2.41.5-0+deb13u1,2.41.5-0+deb13u1,High,High,wont-fix,wont-fix,,,/usr/share/doc/liblastlog2-2/copyright|/var/lib/dpkg/info/liblastlog2-2:amd64.md5sums|/var/lib/dpkg/status,/usr/share/doc/liblastlog2-2/copyright|/var/lib/dpkg/info/liblastlog2-2:amd64.md5sums|/var/lib/dpkg/status,retained,100
grype,deb,liblastlog2-2,CVE-2026-78409,liblastlog2-2,liblastlog2-2,2.41.5-0+deb13u1,2.41.5-0+deb13u1,High,High,wont-fix,wont-fix,,,/usr/share/doc/liblastlog2-2/copyright|/var/lib/dpkg/info/liblastlog2-2:amd64.md5sums|/var/lib/dpkg/status,/usr/share/doc/liblastlog2-2/copyright|/var/lib/dpkg/info/liblastlog2-2:amd64.md5sums|/var/lib/dpkg/status,retained,100
grype,deb,liblastlog2-2,CVE-2026-78410,liblastlog2-2,liblastlog2-2,2.41.5-0+deb13u1,2.41.5-0+deb13u1,High,High,wont-fix,wont-fix,,,/usr/share/doc/liblastlog2-2/copyright|/var/lib/dpkg/info/liblastlog2-2:amd64.md5sums|/var/lib/dpkg/status,/usr/share/doc/liblastlog2-2/copyright|/var/lib/dpkg/info/liblastlog2-2:amd64.md5sums|/var/lib/dpkg/status,retained,100
grype,deb,libmount1,CVE-2022-0563,libmount1,libmount1,2.41.5-0+deb13u1,2.41.5-0+deb13u1,Negligible,Negligible,not-fixed,not-fixed,,,/usr/share/doc/libmount1/copyright|/var/lib/dpkg/info/libmount1:amd64.md5sums|/var/lib/dpkg/status,/usr/share/doc/libmount1/copyright|/var/lib/dpkg/info/libmount1:amd64.md5sums|/var/lib/dpkg/status,retained,100
grype,deb,libmount1,CVE-2026-3184,libmount1,libmount1,2.41.5-0+deb13u1,2.41.5-0+deb13u1,Medium,Medium,wont-fix,wont-fix,,,/usr/share/doc/libmount1/copyright|/var/lib/dpkg/info/libmount1:amd64.md5sums|/var/lib/dpkg/status,/usr/share/doc/libmount1/copyright|/var/lib/dpkg/info/libmount1:amd64.md5sums|/var/lib/dpkg/status,retained,100
grype,deb,libmount1,CVE-2026-76642,libmount1,libmount1,2.41.5-0+deb13u1,2.41.5-0+deb13u1,High,High,wont-fix,wont-fix,,,/usr/share/doc/libmount1/copyright|/var/lib/dpkg/info/libmount1:amd64.md5sums|/var/lib/dpkg/status,/usr/share/doc/libmount1/copyright|/var/lib/dpkg/info/libmount1:amd64.md5sums|/var/lib/dpkg/status,retained,100
grype,deb,libmount1,CVE-2026-78408,libmount1,libmount1,2.41.5-0+deb13u1,2.41.5-0+deb13u1,High,High,wont-fix,wont-fix,,,/usr/share/doc/libmount1/copyright|/var/lib/dpkg/info/libmount1:amd64.md5sums|/var/lib/dpkg/status,/usr/share/doc/libmount1/copyright|/var/lib/dpkg/info/libmount1:amd64.md5sums|/var/lib/dpkg/status,retained,100
grype,deb,libmount1,CVE-2026-78409,libmount1,libmount1,2.41.5-0+deb13u1,2.41.5-0+deb13u1,High,High,wont-fix,wont-fix,,,/usr/share/doc/libmount1/copyright|/var/lib/dpkg/info/libmount1:amd64.md5sums|/var/lib/dpkg/status,/usr/share/doc/libmount1/copyright|/var/lib/dpkg/info/libmount1:amd64.md5sums|/var/lib/dpkg/status,retained,100
grype,deb,libmount1,CVE-2026-78410,libmount1,libmount1,2.41.5-0+deb13u1,2.41.5-0+deb13u1,High,High,wont-fix,wont-fix,,,/usr/share/doc/libmount1/copyright|/var/lib/dpkg/info/libmount1:amd64.md5sums|/var/lib/dpkg/status,/usr/share/doc/libmount1/copyright|/var/lib/dpkg/info/libmount1:amd64.md5sums|/var/lib/dpkg/status,retained,100
grype,deb,libncursesw6,CVE-2025-6141,libncursesw6,libncursesw6,6.5+20250216-2,6.5+20250216-2,Medium,Medium,wont-fix,wont-fix,,,/usr/share/doc/libtinfo6/copyright|/var/lib/dpkg/info/libncursesw6:amd64.md5sums|/var/lib/dpkg/status,/usr/share/doc/libtinfo6/copyright|/var/lib/dpkg/info/libncursesw6:amd64.md5sums|/var/lib/dpkg/status,retained,100
grype,deb,libncursesw6,CVE-2025-69720,libncursesw6,libncursesw6,6.5+20250216-2,6.5+20250216-2,High,High,wont-fix,wont-fix,,,/usr/share/doc/libtinfo6/copyright|/var/lib/dpkg/info/libncursesw6:amd64.md5sums|/var/lib/dpkg/status,/usr/share/doc/libtinfo6/copyright|/var/lib/dpkg/info/libncursesw6:amd64.md5sums|/var/lib/dpkg/status,retained,100
grype,deb,libpam-modules,CVE-2026-54411,libpam-modules,libpam-modules,1.7.0-5,1.7.0-5,Medium,Medium,wont-fix,wont-fix,,,/usr/share/doc/libpam-modules/copyright|/var/lib/dpkg/info/libpam-modules:amd64.conffiles|/var/lib/dpkg/info/libpam-modules:amd64.md5sums|/var/lib/dpkg/status,/usr/share/doc/libpam-modules/copyright|/var/lib/dpkg/info/libpam-modules:amd64.conffiles|/var/lib/dpkg/info/libpam-modules:amd64.md5sums|/var/lib/dpkg/status,retained,100
grype,deb,libpam-modules-bin,CVE-2026-54411,libpam-modules-bin,libpam-modules-bin,1.7.0-5,1.7.0-5,Medium,Medium,wont-fix,wont-fix,,,/usr/share/doc/libpam-modules-bin/copyright|/var/lib/dpkg/info/libpam-modules-bin.list|/var/lib/dpkg/info/libpam-modules-bin.md5sums|/var/lib/dpkg/info/libpam-modules-bin.postinst|/var/lib/dpkg/info/libpam-modules-bin.postrm|/var/lib/dpkg/info/libpam-modules-bin.prerm|/var/lib/dpkg/status,/usr/share/doc/libpam-modules-bin/copyright|/var/lib/dpkg/info/libpam-modules-bin.list|/var/lib/dpkg/info/libpam-modules-bin.md5sums|/var/lib/dpkg/info/libpam-modules-bin.postinst|/var/lib/dpkg/info/libpam-modules-bin.postrm|/var/lib/dpkg/info/libpam-modules-bin.prerm|/var/lib/dpkg/status,retained,100
grype,deb,libpam-runtime,CVE-2026-54411,libpam-runtime,libpam-runtime,1.7.0-5,1.7.0-5,Medium,Medium,wont-fix,wont-fix,,,/usr/share/doc/libpam-runtime/copyright|/var/lib/dpkg/info/libpam-runtime.conffiles|/var/lib/dpkg/info/libpam-runtime.list|/var/lib/dpkg/info/libpam-runtime.md5sums|/var/lib/dpkg/info/libpam-runtime.postinst|/var/lib/dpkg/info/libpam-runtime.postrm|/var/lib/dpkg/info/libpam-runtime.prerm|/var/lib/dpkg/info/libpam-runtime.templates|/var/lib/dpkg/status,/usr/share/doc/libpam-runtime/copyright|/var/lib/dpkg/info/libpam-runtime.conffiles|/var/lib/dpkg/info/libpam-runtime.list|/var/lib/dpkg/info/libpam-runtime.md5sums|/var/lib/dpkg/info/libpam-runtime.postinst|/var/lib/dpkg/info/libpam-runtime.postrm|/var/lib/dpkg/info/libpam-runtime.prerm|/var/lib/dpkg/info/libpam-runtime.templates|/var/lib/dpkg/status,retained,100
grype,deb,libpam0g,CVE-2026-54411,libpam0g,libpam0g,1.7.0-5,1.7.0-5,Medium,Medium,wont-fix,wont-fix,,,/usr/share/doc/libpam0g/copyright|/var/lib/dpkg/info/libpam0g:amd64.md5sums|/var/lib/dpkg/status,/usr/share/doc/libpam0g/copyright|/var/lib/dpkg/info/libpam0g:amd64.md5sums|/var/lib/dpkg/status,retained,100
grype,deb,libsmartcols1,CVE-2022-0563,libsmartcols1,libsmartcols1,2.41.5-0+deb13u1,2.41.5-0+deb13u1,Negligible,Negligible,not-fixed,not-fixed,,,/usr/share/doc/libsmartcols1/copyright|/var/lib/dpkg/info/libsmartcols1:amd64.md5sums|/var/lib/dpkg/status,/usr/share/doc/libsmartcols1/copyright|/var/lib/dpkg/info/libsmartcols1:amd64.md5sums|/var/lib/dpkg/status,retained,100
grype,deb,libsmartcols1,CVE-2026-3184,libsmartcols1,libsmartcols1,2.41.5-0+deb13u1,2.41.5-0+deb13u1,Medium,Medium,wont-fix,wont-fix,,,/usr/share/doc/libsmartcols1/copyright|/var/lib/dpkg/info/libsmartcols1:amd64.md5sums|/var/lib/dpkg/status,/usr/share/doc/libsmartcols1/copyright|/var/lib/dpkg/info/libsmartcols1:amd64.md5sums|/var/lib/dpkg/status,retained,100
grype,deb,libsmartcols1,CVE-2026-76642,libsmartcols1,libsmartcols1,2.41.5-0+deb13u1,2.41.5-0+deb13u1,High,High,wont-fix,wont-fix,,,/usr/share/doc/libsmartcols1/copyright|/var/lib/dpkg/info/libsmartcols1:amd64.md5sums|/var/lib/dpkg/status,/usr/share/doc/libsmartcols1/copyright|/var/lib/dpkg/info/libsmartcols1:amd64.md5sums|/var/lib/dpkg/status,retained,100
grype,deb,libsmartcols1,CVE-2026-78408,libsmartcols1,libsmartcols1,2.41.5-0+deb13u1,2.41.5-0+deb13u1,High,High,wont-fix,wont-fix,,,/usr/share/doc/libsmartcols1/copyright|/var/lib/dpkg/info/libsmartcols1:amd64.md5sums|/var/lib/dpkg/status,/usr/share/doc/libsmartcols1/copyright|/var/lib/dpkg/info/libsmartcols1:amd64.md5sums|/var/lib/dpkg/status,retained,100
grype,deb,libsmartcols1,CVE-2026-78409,libsmartcols1,libsmartcols1,2.41.5-0+deb13u1,2.41.5-0+deb13u1,High,High,wont-fix,wont-fix,,,/usr/share/doc/libsmartcols1/copyright|/var/lib/dpkg/info/libsmartcols1:amd64.md5sums|/var/lib/dpkg/status,/usr/share/doc/libsmartcols1/copyright|/var/lib/dpkg/info/libsmartcols1:amd64.md5sums|/var/lib/dpkg/status,retained,100
grype,deb,libsmartcols1,CVE-2026-78410,libsmartcols1,libsmartcols1,2.41.5-0+deb13u1,2.41.5-0+deb13u1,High,High,wont-fix,wont-fix,,,/usr/share/doc/libsmartcols1/copyright|/var/lib/dpkg/info/libsmartcols1:amd64.md5sums|/var/lib/dpkg/status,/usr/share/doc/libsmartcols1/copyright|/var/lib/dpkg/info/libsmartcols1:amd64.md5sums|/var/lib/dpkg/status,retained,100
grype,deb,libsqlite3-0,CVE-2021-45346,libsqlite3-0,libsqlite3-0,3.46.1-7+deb13u2,3.46.1-7+deb13u2,Negligible,Negligible,not-fixed,not-fixed,,,/usr/share/doc/libsqlite3-0/copyright|/var/lib/dpkg/info/libsqlite3-0:amd64.md5sums|/var/lib/dpkg/status,/usr/share/doc/libsqlite3-0/copyright|/var/lib/dpkg/info/libsqlite3-0:amd64.md5sums|/var/lib/dpkg/status,retained,100
grype,deb,libsqlite3-0,CVE-2025-70873,libsqlite3-0,libsqlite3-0,3.46.1-7+deb13u2,3.46.1-7+deb13u2,Negligible,Negligible,not-fixed,not-fixed,,,/usr/share/doc/libsqlite3-0/copyright|/var/lib/dpkg/info/libsqlite3-0:amd64.md5sums|/var/lib/dpkg/status,/usr/share/doc/libsqlite3-0/copyright|/var/lib/dpkg/info/libsqlite3-0:amd64.md5sums|/var/lib/dpkg/status,retained,100
grype,deb,libsqlite3-0,CVE-2026-50812,libsqlite3-0,libsqlite3-0,3.46.1-7+deb13u2,3.46.1-7+deb13u2,Medium,Medium,wont-fix,wont-fix,,,/usr/share/doc/libsqlite3-0/copyright|/var/lib/dpkg/info/libsqlite3-0:amd64.md5sums|/var/lib/dpkg/status,/usr/share/doc/libsqlite3-0/copyright|/var/lib/dpkg/info/libsqlite3-0:amd64.md5sums|/var/lib/dpkg/status,retained,100
grype,deb,libsqlite3-0,CVE-2026-50813,libsqlite3-0,libsqlite3-0,3.46.1-7+deb13u2,3.46.1-7+deb13u2,Medium,Medium,wont-fix,wont-fix,,,/usr/share/doc/libsqlite3-0/copyright|/var/lib/dpkg/info/libsqlite3-0:amd64.md5sums|/var/lib/dpkg/status,/usr/share/doc/libsqlite3-0/copyright|/var/lib/dpkg/info/libsqlite3-0:amd64.md5sums|/var/lib/dpkg/status,retained,100
grype,deb,libstdc++6,CVE-2026-102010,libstdc++6,libstdc++6,14.2.0-19,14.2.0-19,High,High,not-fixed,not-fixed,,,/usr/share/doc/gcc-14-base/copyright|/var/lib/dpkg/info/libstdc++6:amd64.md5sums|/var/lib/dpkg/status,/usr/share/doc/gcc-14-base/copyright|/var/lib/dpkg/info/libstdc++6:amd64.md5sums|/var/lib/dpkg/status,retained,100
grype,deb,libstdc++6,CVE-2026-95619,libstdc++6,libstdc++6,14.2.0-19,14.2.0-19,High,High,not-fixed,not-fixed,,,/usr/share/doc/gcc-14-base/copyright|/var/lib/dpkg/info/libstdc++6:amd64.md5sums|/var/lib/dpkg/status,/usr/share/doc/gcc-14-base/copyright|/var/lib/dpkg/info/libstdc++6:amd64.md5sums|/var/lib/dpkg/status,retained,100
grype,deb,libsystemd0,CVE-2013-4392,libsystemd0,libsystemd0,257.13-1~deb13u1,257.13-1~deb13u1,Negligible,Negligible,not-fixed,not-fixed,,,/usr/share/doc/libsystemd0/copyright|/var/lib/dpkg/info/libsystemd0:amd64.md5sums|/var/lib/dpkg/status,/usr/share/doc/libsystemd0/copyright|/var/lib/dpkg/info/libsystemd0:amd64.md5sums|/var/lib/dpkg/status,retained,100
grype,deb,libsystemd0,CVE-2023-31437,libsystemd0,libsystemd0,257.13-1~deb13u1,257.13-1~deb13u1,Negligible,Negligible,not-fixed,not-fixed,,,/usr/share/doc/libsystemd0/copyright|/var/lib/dpkg/info/libsystemd0:amd64.md5sums|/var/lib/dpkg/status,/usr/share/doc/libsystemd0/copyright|/var/lib/dpkg/info/libsystemd0:amd64.md5sums|/var/lib/dpkg/status,retained,100
grype,deb,libsystemd0,CVE-2023-31438,libsystemd0,libsystemd0,257.13-1~deb13u1,257.13-1~deb13u1,Negligible,Negligible,not-fixed,not-fixed,,,/usr/share/doc/libsystemd0/copyright|/var/lib/dpkg/info/libsystemd0:amd64.md5sums|/var/lib/dpkg/status,/usr/share/doc/libsystemd0/copyright|/var/lib/dpkg/info/libsystemd0:amd64.md5sums|/var/lib/dpkg/status,retained,100
grype,deb,libsystemd0,CVE-2023-31439,libsystemd0,libsystemd0,257.13-1~deb13u1,257.13-1~deb13u1,Negligible,Negligible,not-fixed,not-fixed,,,/usr/share/doc/libsystemd0/copyright|/var/lib/dpkg/info/libsystemd0:amd64.md5sums|/var/lib/dpkg/status,/usr/share/doc/libsystemd0/copyright|/var/lib/dpkg/info/libsystemd0:amd64.md5sums|/var/lib/dpkg/status,retained,100
grype,deb,libsystemd0,CVE-2026-15059,libsystemd0,libsystemd0,257.13-1~deb13u1,257.13-1~deb13u1,Medium,Medium,wont-fix,wont-fix,,,/usr/share/doc/libsystemd0/copyright|/var/lib/dpkg/info/libsystemd0:amd64.md5sums|/var/lib/dpkg/status,/usr/share/doc/libsystemd0/copyright|/var/lib/dpkg/info/libsystemd0:amd64.md5sums|/var/lib/dpkg/status,retained,100
grype,deb,libsystemd0,CVE-2026-16742,libsystemd0,libsystemd0,257.13-1~deb13u1,257.13-1~deb13u1,Medium,Medium,wont-fix,wont-fix,,,/usr/share/doc/libsystemd0/copyright|/var/lib/dpkg/info/libsystemd0:amd64.md5sums|/var/lib/dpkg/status,/usr/share/doc/libsystemd0/copyright|/var/lib/dpkg/info/libsystemd0:amd64.md5sums|/var/lib/dpkg/status,retained,100
grype,deb,libsystemd0,CVE-2026-40228,libsystemd0,libsystemd0,257.13-1~deb13u1,257.13-1~deb13u1,Low,Low,wont-fix,wont-fix,,,/usr/share/doc/libsystemd0/copyright|/var/lib/dpkg/info/libsystemd0:amd64.md5sums|/var/lib/dpkg/status,/usr/share/doc/libsystemd0/copyright|/var/lib/dpkg/info/libsystemd0:amd64.md5sums|/var/lib/dpkg/status,retained,100
grype,deb,libtinfo6,CVE-2025-6141,libtinfo6,libtinfo6,6.5+20250216-2,6.5+20250216-2,Medium,Medium,wont-fix,wont-fix,,,/usr/share/doc/libtinfo6/copyright|/var/lib/dpkg/info/libtinfo6:amd64.md5sums|/var/lib/dpkg/status,/usr/share/doc/libtinfo6/copyright|/var/lib/dpkg/info/libtinfo6:amd64.md5sums|/var/lib/dpkg/status,retained,100
grype,deb,libtinfo6,CVE-2025-69720,libtinfo6,libtinfo6,6.5+20250216-2,6.5+20250216-2,High,High,wont-fix,wont-fix,,,/usr/share/doc/libtinfo6/copyright|/var/lib/dpkg/info/libtinfo6:amd64.md5sums|/var/lib/dpkg/status,/usr/share/doc/libtinfo6/copyright|/var/lib/dpkg/info/libtinfo6:amd64.md5sums|/var/lib/dpkg/status,retained,100
grype,deb,libudev1,CVE-2013-4392,libudev1,libudev1,257.13-1~deb13u1,257.13-1~deb13u1,Negligible,Negligible,not-fixed,not-fixed,,,/usr/share/doc/libudev1/copyright|/var/lib/dpkg/info/libudev1:amd64.md5sums|/var/lib/dpkg/status,/usr/share/doc/libudev1/copyright|/var/lib/dpkg/info/libudev1:amd64.md5sums|/var/lib/dpkg/status,retained,100
grype,deb,libudev1,CVE-2023-31437,libudev1,libudev1,257.13-1~deb13u1,257.13-1~deb13u1,Negligible,Negligible,not-fixed,not-fixed,,,/usr/share/doc/libudev1/copyright|/var/lib/dpkg/info/libudev1:amd64.md5sums|/var/lib/dpkg/status,/usr/share/doc/libudev1/copyright|/var/lib/dpkg/info/libudev1:amd64.md5sums|/var/lib/dpkg/status,retained,100
grype,deb,libudev1,CVE-2023-31438,libudev1,libudev1,257.13-1~deb13u1,257.13-1~deb13u1,Negligible,Negligible,not-fixed,not-fixed,,,/usr/share/doc/libudev1/copyright|/var/lib/dpkg/info/libudev1:amd64.md5sums|/var/lib/dpkg/status,/usr/share/doc/libudev1/copyright|/var/lib/dpkg/info/libudev1:amd64.md5sums|/var/lib/dpkg/status,retained,100
grype,deb,libudev1,CVE-2023-31439,libudev1,libudev1,257.13-1~deb13u1,257.13-1~deb13u1,Negligible,Negligible,not-fixed,not-fixed,,,/usr/share/doc/libudev1/copyright|/var/lib/dpkg/info/libudev1:amd64.md5sums|/var/lib/dpkg/status,/usr/share/doc/libudev1/copyright|/var/lib/dpkg/info/libudev1:amd64.md5sums|/var/lib/dpkg/status,retained,100
grype,deb,libudev1,CVE-2026-15059,libudev1,libudev1,257.13-1~deb13u1,257.13-1~deb13u1,Medium,Medium,wont-fix,wont-fix,,,/usr/share/doc/libudev1/copyright|/var/lib/dpkg/info/libudev1:amd64.md5sums|/var/lib/dpkg/status,/usr/share/doc/libudev1/copyright|/var/lib/dpkg/info/libudev1:amd64.md5sums|/var/lib/dpkg/status,retained,100
grype,deb,libudev1,CVE-2026-16742,libudev1,libudev1,257.13-1~deb13u1,257.13-1~deb13u1,Medium,Medium,wont-fix,wont-fix,,,/usr/share/doc/libudev1/copyright|/var/lib/dpkg/info/libudev1:amd64.md5sums|/var/lib/dpkg/status,/usr/share/doc/libudev1/copyright|/var/lib/dpkg/info/libudev1:amd64.md5sums|/var/lib/dpkg/status,retained,100
grype,deb,libudev1,CVE-2026-40228,libudev1,libudev1,257.13-1~deb13u1,257.13-1~deb13u1,Low,Low,wont-fix,wont-fix,,,/usr/share/doc/libudev1/copyright|/var/lib/dpkg/info/libudev1:amd64.md5sums|/var/lib/dpkg/status,/usr/share/doc/libudev1/copyright|/var/lib/dpkg/info/libudev1:amd64.md5sums|/var/lib/dpkg/status,retained,100
grype,deb,libuuid1,CVE-2022-0563,libuuid1,libuuid1,2.41.5-0+deb13u1,2.41.5-0+deb13u1,Negligible,Negligible,not-fixed,not-fixed,,,/usr/share/doc/libuuid1/copyright|/var/lib/dpkg/info/libuuid1:amd64.md5sums|/var/lib/dpkg/status,/usr/share/doc/libuuid1/copyright|/var/lib/dpkg/info/libuuid1:amd64.md5sums|/var/lib/dpkg/status,retained,100
grype,deb,libuuid1,CVE-2026-3184,libuuid1,libuuid1,2.41.5-0+deb13u1,2.41.5-0+deb13u1,Medium,Medium,wont-fix,wont-fix,,,/usr/share/doc/libuuid1/copyright|/var/lib/dpkg/info/libuuid1:amd64.md5sums|/var/lib/dpkg/status,/usr/share/doc/libuuid1/copyright|/var/lib/dpkg/info/libuuid1:amd64.md5sums|/var/lib/dpkg/status,retained,100
grype,deb,libuuid1,CVE-2026-76642,libuuid1,libuuid1,2.41.5-0+deb13u1,2.41.5-0+deb13u1,High,High,wont-fix,wont-fix,,,/usr/share/doc/libuuid1/copyright|/var/lib/dpkg/info/libuuid1:amd64.md5sums|/var/lib/dpkg/status,/usr/share/doc/libuuid1/copyright|/var/lib/dpkg/info/libuuid1:amd64.md5sums|/var/lib/dpkg/status,retained,100
grype,deb,libuuid1,CVE-2026-78408,libuuid1,libuuid1,2.41.5-0+deb13u1,2.41.5-0+deb13u1,High,High,wont-fix,wont-fix,,,/usr/share/doc/libuuid1/copyright|/var/lib/dpkg/info/libuuid1:amd64.md5sums|/var/lib/dpkg/status,/usr/share/doc/libuuid1/copyright|/var/lib/dpkg/info/libuuid1:amd64.md5sums|/var/lib/dpkg/status,retained,100
grype,deb,libuuid1,CVE-2026-78409,libuuid1,libuuid1,2.41.5-0+deb13u1,2.41.5-0+deb13u1,High,High,wont-fix,wont-fix,,,/usr/share/doc/libuuid1/copyright|/var/lib/dpkg/info/libuuid1:amd64.md5sums|/var/lib/dpkg/status,/usr/share/doc/libuuid1/copyright|/var/lib/dpkg/info/libuuid1:amd64.md5sums|/var/lib/dpkg/status,retained,100
grype,deb,libuuid1,CVE-2026-78410,libuuid1,libuuid1,2.41.5-0+deb13u1,2.41.5-0+deb13u1,High,High,wont-fix,wont-fix,,,/usr/share/doc/libuuid1/copyright|/var/lib/dpkg/info/libuuid1:amd64.md5sums|/var/lib/dpkg/status,/usr/share/doc/libuuid1/copyright|/var/lib/dpkg/info/libuuid1:amd64.md5sums|/var/lib/dpkg/status,retained,100
grype,deb,login,CVE-2022-0563,login,login,1:4.16.0-2+really2.41.5-0+deb13u1,1:4.16.0-2+really2.41.5-0+deb13u1,Negligible,Negligible,not-fixed,not-fixed,,,/usr/share/doc/login/copyright|/var/lib/dpkg/info/login.conffiles|/var/lib/dpkg/info/login.defs.conffiles|/var/lib/dpkg/info/login.defs.list|/var/lib/dpkg/info/login.defs.md5sums|/var/lib/dpkg/info/login.defs.postinst|/var/lib/dpkg/info/login.list|/var/lib/dpkg/info/login.md5sums|/var/lib/dpkg/info/login.postinst|/var/lib/dpkg/info/login.postrm|/var/lib/dpkg/info/login.preinst|/var/lib/dpkg/info/login.prerm|/var/lib/dpkg/status,/usr/share/doc/login/copyright|/var/lib/dpkg/info/login.conffiles|/var/lib/dpkg/info/login.defs.conffiles|/var/lib/dpkg/info/login.defs.list|/var/lib/dpkg/info/login.defs.md5sums|/var/lib/dpkg/info/login.defs.postinst|/var/lib/dpkg/info/login.list|/var/lib/dpkg/info/login.md5sums|/var/lib/dpkg/info/login.postinst|/var/lib/dpkg/info/login.postrm|/var/lib/dpkg/info/login.preinst|/var/lib/dpkg/info/login.prerm|/var/lib/dpkg/status,retained,100
grype,deb,login,CVE-2026-3184,login,login,1:4.16.0-2+really2.41.5-0+deb13u1,1:4.16.0-2+really2.41.5-0+deb13u1,Medium,Medium,wont-fix,wont-fix,,,/usr/share/doc/login/copyright|/var/lib/dpkg/info/login.conffiles|/var/lib/dpkg/info/login.defs.conffiles|/var/lib/dpkg/info/login.defs.list|/var/lib/dpkg/info/login.defs.md5sums|/var/lib/dpkg/info/login.defs.postinst|/var/lib/dpkg/info/login.list|/var/lib/dpkg/info/login.md5sums|/var/lib/dpkg/info/login.postinst|/var/lib/dpkg/info/login.postrm|/var/lib/dpkg/info/login.preinst|/var/lib/dpkg/info/login.prerm|/var/lib/dpkg/status,/usr/share/doc/login/copyright|/var/lib/dpkg/info/login.conffiles|/var/lib/dpkg/info/login.defs.conffiles|/var/lib/dpkg/info/login.defs.list|/var/lib/dpkg/info/login.defs.md5sums|/var/lib/dpkg/info/login.defs.postinst|/var/lib/dpkg/info/login.list|/var/lib/dpkg/info/login.md5sums|/var/lib/dpkg/info/login.postinst|/var/lib/dpkg/info/login.postrm|/var/lib/dpkg/info/login.preinst|/var/lib/dpkg/info/login.prerm|/var/lib/dpkg/status,retained,100
grype,deb,login,CVE-2026-76642,login,login,1:4.16.0-2+really2.41.5-0+deb13u1,1:4.16.0-2+really2.41.5-0+deb13u1,High,High,wont-fix,wont-fix,,,/usr/share/doc/login/copyright|/var/lib/dpkg/info/login.conffiles|/var/lib/dpkg/info/login.defs.conffiles|/var/lib/dpkg/info/login.defs.list|/var/lib/dpkg/info/login.defs.md5sums|/var/lib/dpkg/info/login.defs.postinst|/var/lib/dpkg/info/login.list|/var/lib/dpkg/info/login.md5sums|/var/lib/dpkg/info/login.postinst|/var/lib/dpkg/info/login.postrm|/var/lib/dpkg/info/login.preinst|/var/lib/dpkg/info/login.prerm|/var/lib/dpkg/status,/usr/share/doc/login/copyright|/var/lib/dpkg/info/login.conffiles|/var/lib/dpkg/info/login.defs.conffiles|/var/lib/dpkg/info/login.defs.list|/var/lib/dpkg/info/login.defs.md5sums|/var/lib/dpkg/info/login.defs.postinst|/var/lib/dpkg/info/login.list|/var/lib/dpkg/info/login.md5sums|/var/lib/dpkg/info/login.postinst|/var/lib/dpkg/info/login.postrm|/var/lib/dpkg/info/login.preinst|/var/lib/dpkg/info/login.prerm|/var/lib/dpkg/status,retained,100
grype,deb,login,CVE-2026-78408,login,login,1:4.16.0-2+really2.41.5-0+deb13u1,1:4.16.0-2+really2.41.5-0+deb13u1,High,High,wont-fix,wont-fix,,,/usr/share/doc/login/copyright|/var/lib/dpkg/info/login.conffiles|/var/lib/dpkg/info/login.defs.conffiles|/var/lib/dpkg/info/login.defs.list|/var/lib/dpkg/info/login.defs.md5sums|/var/lib/dpkg/info/login.defs.postinst|/var/lib/dpkg/info/login.list|/var/lib/dpkg/info/login.md5sums|/var/lib/dpkg/info/login.postinst|/var/lib/dpkg/info/login.postrm|/var/lib/dpkg/info/login.preinst|/var/lib/dpkg/info/login.prerm|/var/lib/dpkg/status,/usr/share/doc/login/copyright|/var/lib/dpkg/info/login.conffiles|/var/lib/dpkg/info/login.defs.conffiles|/var/lib/dpkg/info/login.defs.list|/var/lib/dpkg/info/login.defs.md5sums|/var/lib/dpkg/info/login.defs.postinst|/var/lib/dpkg/info/login.list|/var/lib/dpkg/info/login.md5sums|/var/lib/dpkg/info/login.postinst|/var/lib/dpkg/info/login.postrm|/var/lib/dpkg/info/login.preinst|/var/lib/dpkg/info/login.prerm|/var/lib/dpkg/status,retained,100
grype,deb,login,CVE-2026-78409,login,login,1:4.16.0-2+really2.41.5-0+deb13u1,1:4.16.0-2+really2.41.5-0+deb13u1,High,High,wont-fix,wont-fix,,,/usr/share/doc/login/copyright|/var/lib/dpkg/info/login.conffiles|/var/lib/dpkg/info/login.defs.conffiles|/var/lib/dpkg/info/login.defs.list|/var/lib/dpkg/info/login.defs.md5sums|/var/lib/dpkg/info/login.defs.postinst|/var/lib/dpkg/info/login.list|/var/lib/dpkg/info/login.md5sums|/var/lib/dpkg/info/login.postinst|/var/lib/dpkg/info/login.postrm|/var/lib/dpkg/info/login.preinst|/var/lib/dpkg/info/login.prerm|/var/lib/dpkg/status,/usr/share/doc/login/copyright|/var/lib/dpkg/info/login.conffiles|/var/lib/dpkg/info/login.defs.conffiles|/var/lib/dpkg/info/login.defs.list|/var/lib/dpkg/info/login.defs.md5sums|/var/lib/dpkg/info/login.defs.postinst|/var/lib/dpkg/info/login.list|/var/lib/dpkg/info/login.md5sums|/var/lib/dpkg/info/login.postinst|/var/lib/dpkg/info/login.postrm|/var/lib/dpkg/info/login.preinst|/var/lib/dpkg/info/login.prerm|/var/lib/dpkg/status,retained,100
grype,deb,login,CVE-2026-78410,login,login,1:4.16.0-2+really2.41.5-0+deb13u1,1:4.16.0-2+really2.41.5-0+deb13u1,High,High,wont-fix,wont-fix,,,/usr/share/doc/login/copyright|/var/lib/dpkg/info/login.conffiles|/var/lib/dpkg/info/login.defs.conffiles|/var/lib/dpkg/info/login.defs.list|/var/lib/dpkg/info/login.defs.md5sums|/var/lib/dpkg/info/login.defs.postinst|/var/lib/dpkg/info/login.list|/var/lib/dpkg/info/login.md5sums|/var/lib/dpkg/info/login.postinst|/var/lib/dpkg/info/login.postrm|/var/lib/dpkg/info/login.preinst|/var/lib/dpkg/info/login.prerm|/var/lib/dpkg/status,/usr/share/doc/login/copyright|/var/lib/dpkg/info/login.conffiles|/var/lib/dpkg/info/login.defs.conffiles|/var/lib/dpkg/info/login.defs.list|/var/lib/dpkg/info/login.defs.md5sums|/var/lib/dpkg/info/login.defs.postinst|/var/lib/dpkg/info/login.list|/var/lib/dpkg/info/login.md5sums|/var/lib/dpkg/info/login.postinst|/var/lib/dpkg/info/login.postrm|/var/lib/dpkg/info/login.preinst|/var/lib/dpkg/info/login.prerm|/var/lib/dpkg/status,retained,100
grype,deb,login.defs,CVE-2007-5686,login.defs,login.defs,1:4.17.4-2,1:4.17.4-2,Negligible,Negligible,not-fixed,not-fixed,,,/usr/share/doc/login.defs/copyright|/var/lib/dpkg/info/login.defs.conffiles|/var/lib/dpkg/info/login.defs.list|/var/lib/dpkg/info/login.defs.md5sums|/var/lib/dpkg/info/login.defs.postinst|/var/lib/dpkg/status,/usr/share/doc/login.defs/copyright|/var/lib/dpkg/info/login.defs.conffiles|/var/lib/dpkg/info/login.defs.list|/var/lib/dpkg/info/login.defs.md5sums|/var/lib/dpkg/info/login.defs.postinst|/var/lib/dpkg/status,retained,100
grype,deb,login.defs,CVE-2024-56433,login.defs,login.defs,1:4.17.4-2,1:4.17.4-2,Low,Low,wont-fix,wont-fix,,,/usr/share/doc/login.defs/copyright|/var/lib/dpkg/info/login.defs.conffiles|/var/lib/dpkg/info/login.defs.list|/var/lib/dpkg/info/login.defs.md5sums|/var/lib/dpkg/info/login.defs.postinst|/var/lib/dpkg/status,/usr/share/doc/login.defs/copyright|/var/lib/dpkg/info/login.defs.conffiles|/var/lib/dpkg/info/login.defs.list|/var/lib/dpkg/info/login.defs.md5sums|/var/lib/dpkg/info/login.defs.postinst|/var/lib/dpkg/status,retained,100
grype,deb,mount,CVE-2022-0563,mount,mount,2.41.5-0+deb13u1,2.41.5-0+deb13u1,Negligible,Negligible,not-fixed,not-fixed,,,/usr/share/doc/mount/copyright|/var/lib/dpkg/info/mount.list|/var/lib/dpkg/info/mount.md5sums|/var/lib/dpkg/status,/usr/share/doc/mount/copyright|/var/lib/dpkg/info/mount.list|/var/lib/dpkg/info/mount.md5sums|/var/lib/dpkg/status,retained,100
grype,deb,mount,CVE-2026-3184,mount,mount,2.41.5-0+deb13u1,2.41.5-0+deb13u1,Medium,Medium,wont-fix,wont-fix,,,/usr/share/doc/mount/copyright|/var/lib/dpkg/info/mount.list|/var/lib/dpkg/info/mount.md5sums|/var/lib/dpkg/status,/usr/share/doc/mount/copyright|/var/lib/dpkg/info/mount.list|/var/lib/dpkg/info/mount.md5sums|/var/lib/dpkg/status,retained,100
grype,deb,mount,CVE-2026-76642,mount,mount,2.41.5-0+deb13u1,2.41.5-0+deb13u1,High,High,wont-fix,wont-fix,,,/usr/share/doc/mount/copyright|/var/lib/dpkg/info/mount.list|/var/lib/dpkg/info/mount.md5sums|/var/lib/dpkg/status,/usr/share/doc/mount/copyright|/var/lib/dpkg/info/mount.list|/var/lib/dpkg/info/mount.md5sums|/var/lib/dpkg/status,retained,100
grype,deb,mount,CVE-2026-78408,mount,mount,2.41.5-0+deb13u1,2.41.5-0+deb13u1,High,High,wont-fix,wont-fix,,,/usr/share/doc/mount/copyright|/var/lib/dpkg/info/mount.list|/var/lib/dpkg/info/mount.md5sums|/var/lib/dpkg/status,/usr/share/doc/mount/copyright|/var/lib/dpkg/info/mount.list|/var/lib/dpkg/info/mount.md5sums|/var/lib/dpkg/status,retained,100
grype,deb,mount,CVE-2026-78409,mount,mount,2.41.5-0+deb13u1,2.41.5-0+deb13u1,High,High,wont-fix,wont-fix,,,/usr/share/doc/mount/copyright|/var/lib/dpkg/info/mount.list|/var/lib/dpkg/info/mount.md5sums|/var/lib/dpkg/status,/usr/share/doc/mount/copyright|/var/lib/dpkg/info/mount.list|/var/lib/dpkg/info/mount.md5sums|/var/lib/dpkg/status,retained,100
grype,deb,mount,CVE-2026-78410,mount,mount,2.41.5-0+deb13u1,2.41.5-0+deb13u1,High,High,wont-fix,wont-fix,,,/usr/share/doc/mount/copyright|/var/lib/dpkg/info/mount.list|/var/lib/dpkg/info/mount.md5sums|/var/lib/dpkg/status,/usr/share/doc/mount/copyright|/var/lib/dpkg/info/mount.list|/var/lib/dpkg/info/mount.md5sums|/var/lib/dpkg/status,retained,100
grype,deb,ncurses-base,CVE-2025-6141,ncurses-base,ncurses-base,6.5+20250216-2,6.5+20250216-2,Medium,Medium,wont-fix,wont-fix,,,/usr/share/doc/ncurses-base/copyright|/var/lib/dpkg/info/ncurses-base.conffiles|/var/lib/dpkg/info/ncurses-base.list|/var/lib/dpkg/info/ncurses-base.md5sums|/var/lib/dpkg/status,/usr/share/doc/ncurses-base/copyright|/var/lib/dpkg/info/ncurses-base.conffiles|/var/lib/dpkg/info/ncurses-base.list|/var/lib/dpkg/info/ncurses-base.md5sums|/var/lib/dpkg/status,retained,100
grype,deb,ncurses-base,CVE-2025-69720,ncurses-base,ncurses-base,6.5+20250216-2,6.5+20250216-2,High,High,wont-fix,wont-fix,,,/usr/share/doc/ncurses-base/copyright|/var/lib/dpkg/info/ncurses-base.conffiles|/var/lib/dpkg/info/ncurses-base.list|/var/lib/dpkg/info/ncurses-base.md5sums|/var/lib/dpkg/status,/usr/share/doc/ncurses-base/copyright|/var/lib/dpkg/info/ncurses-base.conffiles|/var/lib/dpkg/info/ncurses-base.list|/var/lib/dpkg/info/ncurses-base.md5sums|/var/lib/dpkg/status,retained,100
grype,deb,ncurses-bin,CVE-2025-6141,ncurses-bin,ncurses-bin,6.5+20250216-2,6.5+20250216-2,Medium,Medium,wont-fix,wont-fix,,,/usr/share/doc/ncurses-bin/copyright|/var/lib/dpkg/info/ncurses-bin.list|/var/lib/dpkg/info/ncurses-bin.md5sums|/var/lib/dpkg/status,/usr/share/doc/ncurses-bin/copyright|/var/lib/dpkg/info/ncurses-bin.list|/var/lib/dpkg/info/ncurses-bin.md5sums|/var/lib/dpkg/status,retained,100
grype,deb,ncurses-bin,CVE-2025-69720,ncurses-bin,ncurses-bin,6.5+20250216-2,6.5+20250216-2,High,High,wont-fix,wont-fix,,,/usr/share/doc/ncurses-bin/copyright|/var/lib/dpkg/info/ncurses-bin.list|/var/lib/dpkg/info/ncurses-bin.md5sums|/var/lib/dpkg/status,/usr/share/doc/ncurses-bin/copyright|/var/lib/dpkg/info/ncurses-bin.list|/var/lib/dpkg/info/ncurses-bin.md5sums|/var/lib/dpkg/status,retained,100
grype,deb,passwd,CVE-2007-5686,passwd,passwd,1:4.17.4-2,1:4.17.4-2,Negligible,Negligible,not-fixed,not-fixed,,,/usr/share/doc/passwd/copyright|/var/lib/dpkg/info/passwd.conffiles|/var/lib/dpkg/info/passwd.list|/var/lib/dpkg/info/passwd.md5sums|/var/lib/dpkg/info/passwd.postinst|/var/lib/dpkg/info/passwd.postrm|/var/lib/dpkg/info/passwd.preinst|/var/lib/dpkg/info/passwd.prerm|/var/lib/dpkg/status,/usr/share/doc/passwd/copyright|/var/lib/dpkg/info/passwd.conffiles|/var/lib/dpkg/info/passwd.list|/var/lib/dpkg/info/passwd.md5sums|/var/lib/dpkg/info/passwd.postinst|/var/lib/dpkg/info/passwd.postrm|/var/lib/dpkg/info/passwd.preinst|/var/lib/dpkg/info/passwd.prerm|/var/lib/dpkg/status,retained,100
grype,deb,passwd,CVE-2024-56433,passwd,passwd,1:4.17.4-2,1:4.17.4-2,Low,Low,wont-fix,wont-fix,,,/usr/share/doc/passwd/copyright|/var/lib/dpkg/info/passwd.conffiles|/var/lib/dpkg/info/passwd.list|/var/lib/dpkg/info/passwd.md5sums|/var/lib/dpkg/info/passwd.postinst|/var/lib/dpkg/info/passwd.postrm|/var/lib/dpkg/info/passwd.preinst|/var/lib/dpkg/info/passwd.prerm|/var/lib/dpkg/status,/usr/share/doc/passwd/copyright|/var/lib/dpkg/info/passwd.conffiles|/var/lib/dpkg/info/passwd.list|/var/lib/dpkg/info/passwd.md5sums|/var/lib/dpkg/info/passwd.postinst|/var/lib/dpkg/info/passwd.postrm|/var/lib/dpkg/info/passwd.preinst|/var/lib/dpkg/info/passwd.prerm|/var/lib/dpkg/status,retained,100
grype,deb,perl-base,CVE-2011-4116,perl-base,perl-base,5.40.1-6+deb13u1,5.40.1-6+deb13u1,Negligible,Negligible,not-fixed,not-fixed,,,/usr/share/doc/perl-base/copyright|/var/lib/dpkg/info/perl-base.list|/var/lib/dpkg/info/perl-base.md5sums|/var/lib/dpkg/status,/usr/share/doc/perl-base/copyright|/var/lib/dpkg/info/perl-base.list|/var/lib/dpkg/info/perl-base.md5sums|/var/lib/dpkg/status,retained,100
grype,deb,perl-base,CVE-2026-15534,perl-base,perl-base,5.40.1-6+deb13u1,5.40.1-6+deb13u1,Medium,Medium,wont-fix,wont-fix,,,/usr/share/doc/perl-base/copyright|/var/lib/dpkg/info/perl-base.list|/var/lib/dpkg/info/perl-base.md5sums|/var/lib/dpkg/status,/usr/share/doc/perl-base/copyright|/var/lib/dpkg/info/perl-base.list|/var/lib/dpkg/info/perl-base.md5sums|/var/lib/dpkg/status,retained,100
grype,deb,perl-base,CVE-2026-19487,perl-base,perl-base,5.40.1-6+deb13u1,5.40.1-6+deb13u1,Medium,Medium,wont-fix,wont-fix,,,/usr/share/doc/perl-base/copyright|/var/lib/dpkg/info/perl-base.list|/var/lib/dpkg/info/perl-base.md5sums|/var/lib/dpkg/status,/usr/share/doc/perl-base/copyright|/var/lib/dpkg/info/perl-base.list|/var/lib/dpkg/info/perl-base.md5sums|/var/lib/dpkg/status,retained,100
grype,deb,perl-base,CVE-2026-82560,perl-base,perl-base,5.40.1-6+deb13u1,5.40.1-6+deb13u1,High,High,wont-fix,wont-fix,,,/usr/share/doc/perl-base/copyright|/var/lib/dpkg/info/perl-base.list|/var/lib/dpkg/info/perl-base.md5sums|/var/lib/dpkg/status,/usr/share/doc/perl-base/copyright|/var/lib/dpkg/info/perl-base.list|/var/lib/dpkg/info/perl-base.md5sums|/var/lib/dpkg/status,retained,100
grype,deb,perl-base,CVE-2026-9538,perl-base,perl-base,5.40.1-6+deb13u1,5.40.1-6+deb13u1,High,High,wont-fix,wont-fix,,,/usr/share/doc/perl-base/copyright|/var/lib/dpkg/info/perl-base.list|/var/lib/dpkg/info/perl-base.md5sums|/var/lib/dpkg/status,/usr/share/doc/perl-base/copyright|/var/lib/dpkg/info/perl-base.list|/var/lib/dpkg/info/perl-base.md5sums|/var/lib/dpkg/status,retained,100
grype,deb,tar,CVE-2005-2541,tar,tar,1.35+dfsg-3.1,1.35+dfsg-3.1,Negligible,Negligible,not-fixed,not-fixed,,,/usr/share/doc/tar/copyright|/var/lib/dpkg/info/tar.list|/var/lib/dpkg/info/tar.md5sums|/var/lib/dpkg/info/tar.postinst|/var/lib/dpkg/info/tar.prerm|/var/lib/dpkg/status,/usr/share/doc/tar/copyright|/var/lib/dpkg/info/tar.list|/var/lib/dpkg/info/tar.md5sums|/var/lib/dpkg/info/tar.postinst|/var/lib/dpkg/info/tar.prerm|/var/lib/dpkg/status,retained,100
grype,deb,tar,CVE-2026-18477,tar,tar,1.35+dfsg-3.1,1.35+dfsg-3.1,Medium,Medium,wont-fix,wont-fix,,,/usr/share/doc/tar/copyright|/var/lib/dpkg/info/tar.list|/var/lib/dpkg/info/tar.md5sums|/var/lib/dpkg/info/tar.postinst|/var/lib/dpkg/info/tar.prerm|/var/lib/dpkg/status,/usr/share/doc/tar/copyright|/var/lib/dpkg/info/tar.list|/var/lib/dpkg/info/tar.md5sums|/var/lib/dpkg/info/tar.postinst|/var/lib/dpkg/info/tar.prerm|/var/lib/dpkg/status,retained,100
grype,deb,tar,CVE-2026-18508,tar,tar,1.35+dfsg-3.1,1.35+dfsg-3.1,Medium,Medium,wont-fix,wont-fix,,,/usr/share/doc/tar/copyright|/var/lib/dpkg/info/tar.list|/var/lib/dpkg/info/tar.md5sums|/var/lib/dpkg/info/tar.postinst|/var/lib/dpkg/info/tar.prerm|/var/lib/dpkg/status,/usr/share/doc/tar/copyright|/var/lib/dpkg/info/tar.list|/var/lib/dpkg/info/tar.md5sums|/var/lib/dpkg/info/tar.postinst|/var/lib/dpkg/info/tar.prerm|/var/lib/dpkg/status,retained,100
grype,deb,tar,CVE-2026-5704,tar,tar,1.35+dfsg-3.1,1.35+dfsg-3.1,Medium,Medium,wont-fix,wont-fix,,,/usr/share/doc/tar/copyright|/var/lib/dpkg/info/tar.list|/var/lib/dpkg/info/tar.md5sums|/var/lib/dpkg/info/tar.postinst|/var/lib/dpkg/info/tar.prerm|/var/lib/dpkg/status,/usr/share/doc/tar/copyright|/var/lib/dpkg/info/tar.list|/var/lib/dpkg/info/tar.md5sums|/var/lib/dpkg/info/tar.postinst|/var/lib/dpkg/info/tar.prerm|/var/lib/dpkg/status,retained,100
grype,deb,util-linux,CVE-2022-0563,util-linux,util-linux,2.41.5-0+deb13u1,2.41.5-0+deb13u1,Negligible,Negligible,not-fixed,not-fixed,,,/usr/share/doc/util-linux/copyright|/var/lib/dpkg/info/util-linux.conffiles|/var/lib/dpkg/info/util-linux.list|/var/lib/dpkg/info/util-linux.md5sums|/var/lib/dpkg/info/util-linux.postinst|/var/lib/dpkg/info/util-linux.postrm|/var/lib/dpkg/info/util-linux.prerm|/var/lib/dpkg/status,/usr/share/doc/util-linux/copyright|/var/lib/dpkg/info/util-linux.conffiles|/var/lib/dpkg/info/util-linux.list|/var/lib/dpkg/info/util-linux.md5sums|/var/lib/dpkg/info/util-linux.postinst|/var/lib/dpkg/info/util-linux.postrm|/var/lib/dpkg/info/util-linux.prerm|/var/lib/dpkg/status,retained,100
grype,deb,util-linux,CVE-2026-3184,util-linux,util-linux,2.41.5-0+deb13u1,2.41.5-0+deb13u1,Medium,Medium,wont-fix,wont-fix,,,/usr/share/doc/util-linux/copyright|/var/lib/dpkg/info/util-linux.conffiles|/var/lib/dpkg/info/util-linux.list|/var/lib/dpkg/info/util-linux.md5sums|/var/lib/dpkg/info/util-linux.postinst|/var/lib/dpkg/info/util-linux.postrm|/var/lib/dpkg/info/util-linux.prerm|/var/lib/dpkg/status,/usr/share/doc/util-linux/copyright|/var/lib/dpkg/info/util-linux.conffiles|/var/lib/dpkg/info/util-linux.list|/var/lib/dpkg/info/util-linux.md5sums|/var/lib/dpkg/info/util-linux.postinst|/var/lib/dpkg/info/util-linux.postrm|/var/lib/dpkg/info/util-linux.prerm|/var/lib/dpkg/status,retained,100
grype,deb,util-linux,CVE-2026-76642,util-linux,util-linux,2.41.5-0+deb13u1,2.41.5-0+deb13u1,High,High,wont-fix,wont-fix,,,/usr/share/doc/util-linux/copyright|/var/lib/dpkg/info/util-linux.conffiles|/var/lib/dpkg/info/util-linux.list|/var/lib/dpkg/info/util-linux.md5sums|/var/lib/dpkg/info/util-linux.postinst|/var/lib/dpkg/info/util-linux.postrm|/var/lib/dpkg/info/util-linux.prerm|/var/lib/dpkg/status,/usr/share/doc/util-linux/copyright|/var/lib/dpkg/info/util-linux.conffiles|/var/lib/dpkg/info/util-linux.list|/var/lib/dpkg/info/util-linux.md5sums|/var/lib/dpkg/info/util-linux.postinst|/var/lib/dpkg/info/util-linux.postrm|/var/lib/dpkg/info/util-linux.prerm|/var/lib/dpkg/status,retained,100
grype,deb,util-linux,CVE-2026-78408,util-linux,util-linux,2.41.5-0+deb13u1,2.41.5-0+deb13u1,High,High,wont-fix,wont-fix,,,/usr/share/doc/util-linux/copyright|/var/lib/dpkg/info/util-linux.conffiles|/var/lib/dpkg/info/util-linux.list|/var/lib/dpkg/info/util-linux.md5sums|/var/lib/dpkg/info/util-linux.postinst|/var/lib/dpkg/info/util-linux.postrm|/var/lib/dpkg/info/util-linux.prerm|/var/lib/dpkg/status,/usr/share/doc/util-linux/copyright|/var/lib/dpkg/info/util-linux.conffiles|/var/lib/dpkg/info/util-linux.list|/var/lib/dpkg/info/util-linux.md5sums|/var/lib/dpkg/info/util-linux.postinst|/var/lib/dpkg/info/util-linux.postrm|/var/lib/dpkg/info/util-linux.prerm|/var/lib/dpkg/status,retained,100
grype,deb,util-linux,CVE-2026-78409,util-linux,util-linux,2.41.5-0+deb13u1,2.41.5-0+deb13u1,High,High,wont-fix,wont-fix,,,/usr/share/doc/util-linux/copyright|/var/lib/dpkg/info/util-linux.conffiles|/var/lib/dpkg/info/util-linux.list|/var/lib/dpkg/info/util-linux.md5sums|/var/lib/dpkg/info/util-linux.postinst|/var/lib/dpkg/info/util-linux.postrm|/var/lib/dpkg/info/util-linux.prerm|/var/lib/dpkg/status,/usr/share/doc/util-linux/copyright|/var/lib/dpkg/info/util-linux.conffiles|/var/lib/dpkg/info/util-linux.list|/var/lib/dpkg/info/util-linux.md5sums|/var/lib/dpkg/info/util-linux.postinst|/var/lib/dpkg/info/util-linux.postrm|/var/lib/dpkg/info/util-linux.prerm|/var/lib/dpkg/status,retained,100
grype,deb,util-linux,CVE-2026-78410,util-linux,util-linux,2.41.5-0+deb13u1,2.41.5-0+deb13u1,High,High,wont-fix,wont-fix,,,/usr/share/doc/util-linux/copyright|/var/lib/dpkg/info/util-linux.conffiles|/var/lib/dpkg/info/util-linux.list|/var/lib/dpkg/info/util-linux.md5sums|/var/lib/dpkg/info/util-linux.postinst|/var/lib/dpkg/info/util-linux.postrm|/var/lib/dpkg/info/util-linux.prerm|/var/lib/dpkg/status,/usr/share/doc/util-linux/copyright|/var/lib/dpkg/info/util-linux.conffiles|/var/lib/dpkg/info/util-linux.list|/var/lib/dpkg/info/util-linux.md5sums|/var/lib/dpkg/info/util-linux.postinst|/var/lib/dpkg/info/util-linux.postrm|/var/lib/dpkg/info/util-linux.prerm|/var/lib/dpkg/status,retained,100
grype,deb,zlib1g,CVE-2026-27171,zlib1g,zlib1g,1:1.3.dfsg+really1.3.1-1+b1,1:1.3.dfsg+really1.3.1-1+b1,Medium,Medium,wont-fix,wont-fix,,,/usr/share/doc/zlib1g/copyright|/var/lib/dpkg/info/zlib1g:amd64.md5sums|/var/lib/dpkg/status,/usr/share/doc/zlib1g/copyright|/var/lib/dpkg/info/zlib1g:amd64.md5sums|/var/lib/dpkg/status,retained,100
grype,deb,zlib1g,CVE-2026-85091,zlib1g,zlib1g,1:1.3.dfsg+really1.3.1-1+b1,1:1.3.dfsg+really1.3.1-1+b1,High,High,not-fixed,not-fixed,,,/usr/share/doc/zlib1g/copyright|/var/lib/dpkg/info/zlib1g:amd64.md5sums|/var/lib/dpkg/status,/usr/share/doc/zlib1g/copyright|/var/lib/dpkg/info/zlib1g:amd64.md5sums|/var/lib/dpkg/status,retained,100
grype,python,cryptography,GHSA-g6cj-pr64-35w5,cryptography,cryptography,49.0.0,50.0.2,High,,fixed,,50.0.0,,/usr/local/lib/python3.11/site-packages/cryptography-49.0.0.dist-info/METADATA|/usr/local/lib/python3.11/site-packages/cryptography-49.0.0.dist-info/RECORD,,no-longer-reported,
trivy,deb,apt,CVE-2011-3374,apt,apt,3.0.3,3.0.3,LOW,LOW,affected,affected,,,,,retained,100
trivy,deb,bash,TEMP-0841856-B18BAF,bash,bash,5.2.37-2+b10,5.2.37-2+b10,LOW,LOW,affected,affected,,,,,retained,100
trivy,deb,bsdutils,CVE-2022-0563,bsdutils,bsdutils,1:2.41.5-0+deb13u1,1:2.41.5-0+deb13u1,LOW,LOW,affected,affected,,,,,retained,100
trivy,deb,bsdutils,CVE-2026-3184,bsdutils,bsdutils,1:2.41.5-0+deb13u1,1:2.41.5-0+deb13u1,MEDIUM,MEDIUM,affected,affected,,,,,retained,100
trivy,deb,bsdutils,CVE-2026-76642,bsdutils,bsdutils,1:2.41.5-0+deb13u1,1:2.41.5-0+deb13u1,HIGH,HIGH,affected,affected,,,,,retained,100
trivy,deb,bsdutils,CVE-2026-78408,bsdutils,bsdutils,1:2.41.5-0+deb13u1,1:2.41.5-0+deb13u1,HIGH,HIGH,affected,affected,,,,,retained,100
trivy,deb,bsdutils,CVE-2026-78409,bsdutils,bsdutils,1:2.41.5-0+deb13u1,1:2.41.5-0+deb13u1,HIGH,HIGH,affected,affected,,,,,retained,100
trivy,deb,bsdutils,CVE-2026-78410,bsdutils,bsdutils,1:2.41.5-0+deb13u1,1:2.41.5-0+deb13u1,HIGH,HIGH,affected,affected,,,,,retained,100
trivy,deb,coreutils,CVE-2017-18018,coreutils,coreutils,9.7-3,9.7-3,LOW,LOW,affected,affected,,,,,retained,100
trivy,deb,coreutils,CVE-2025-5278,coreutils,coreutils,9.7-3,9.7-3,LOW,LOW,affected,affected,,,,,retained,100
trivy,deb,coreutils,CVE-2026-56391,coreutils,coreutils,9.7-3,9.7-3,LOW,LOW,affected,affected,,,,,retained,100
trivy,deb,coreutils,CVE-2026-56392,coreutils,coreutils,9.7-3,9.7-3,LOW,LOW,affected,affected,,,,,retained,100
trivy,deb,dash,CVE-2026-102473,dash,dash,0.5.12-12,0.5.12-12,MEDIUM,MEDIUM,affected,affected,,,,,retained,100
trivy,deb,dash,CVE-2026-102474,dash,dash,0.5.12-12,0.5.12-12,LOW,LOW,affected,affected,,,,,retained,100
trivy,deb,diffutils,CVE-2026-53910,diffutils,diffutils,1:3.10-4,1:3.10-4,LOW,LOW,affected,affected,,,,,retained,100
trivy,deb,gcc-14-base,CVE-2026-102010,gcc-14-base,gcc-14-base,14.2.0-19,14.2.0-19,MEDIUM,MEDIUM,affected,affected,,,,,retained,100
trivy,deb,gcc-14-base,CVE-2026-95619,gcc-14-base,gcc-14-base,14.2.0-19,14.2.0-19,MEDIUM,MEDIUM,affected,affected,,,,,retained,100
trivy,deb,libacl1,CVE-2026-54369,libacl1,libacl1,2.3.2-2+b1,2.3.2-2+b1,HIGH,HIGH,affected,affected,,,,,retained,100
trivy,deb,libacl1,CVE-2026-54370,libacl1,libacl1,2.3.2-2+b1,2.3.2-2+b1,MEDIUM,MEDIUM,affected,affected,,,,,retained,100
trivy,deb,libapt-pkg7.0,CVE-2011-3374,libapt-pkg7.0,libapt-pkg7.0,3.0.3,3.0.3,LOW,LOW,affected,affected,,,,,retained,100
trivy,deb,libattr1,CVE-2026-54371,libattr1,libattr1,1:2.5.2-3,1:2.5.2-3,MEDIUM,MEDIUM,affected,affected,,,,,retained,100
trivy,deb,libblkid1,CVE-2022-0563,libblkid1,libblkid1,2.41.5-0+deb13u1,2.41.5-0+deb13u1,LOW,LOW,affected,affected,,,,,retained,100
trivy,deb,libblkid1,CVE-2026-3184,libblkid1,libblkid1,2.41.5-0+deb13u1,2.41.5-0+deb13u1,MEDIUM,MEDIUM,affected,affected,,,,,retained,100
trivy,deb,libblkid1,CVE-2026-76642,libblkid1,libblkid1,2.41.5-0+deb13u1,2.41.5-0+deb13u1,HIGH,HIGH,affected,affected,,,,,retained,100
trivy,deb,libblkid1,CVE-2026-78408,libblkid1,libblkid1,2.41.5-0+deb13u1,2.41.5-0+deb13u1,HIGH,HIGH,affected,affected,,,,,retained,100
trivy,deb,libblkid1,CVE-2026-78409,libblkid1,libblkid1,2.41.5-0+deb13u1,2.41.5-0+deb13u1,HIGH,HIGH,affected,affected,,,,,retained,100
trivy,deb,libblkid1,CVE-2026-78410,libblkid1,libblkid1,2.41.5-0+deb13u1,2.41.5-0+deb13u1,HIGH,HIGH,affected,affected,,,,,retained,100
trivy,deb,libbz2-1.0,CVE-2026-42250,libbz2-1.0,libbz2-1.0,1.0.8-6,1.0.8-6,MEDIUM,MEDIUM,affected,affected,,,,,retained,100
trivy,deb,libc-bin,CVE-2010-4756,libc-bin,libc-bin,2.41-12+deb13u4,2.41-12+deb13u4,LOW,LOW,affected,affected,,,,,retained,100
trivy,deb,libc-bin,CVE-2018-20796,libc-bin,libc-bin,2.41-12+deb13u4,2.41-12+deb13u4,LOW,LOW,affected,affected,,,,,retained,100
trivy,deb,libc-bin,CVE-2019-1010022,libc-bin,libc-bin,2.41-12+deb13u4,2.41-12+deb13u4,LOW,LOW,affected,affected,,,,,retained,100
trivy,deb,libc-bin,CVE-2019-1010023,libc-bin,libc-bin,2.41-12+deb13u4,2.41-12+deb13u4,LOW,LOW,affected,affected,,,,,retained,100
trivy,deb,libc-bin,CVE-2019-1010024,libc-bin,libc-bin,2.41-12+deb13u4,2.41-12+deb13u4,LOW,LOW,affected,affected,,,,,retained,100
trivy,deb,libc-bin,CVE-2019-1010025,libc-bin,libc-bin,2.41-12+deb13u4,2.41-12+deb13u4,LOW,LOW,affected,affected,,,,,retained,100
trivy,deb,libc-bin,CVE-2019-9192,libc-bin,libc-bin,2.41-12+deb13u4,2.41-12+deb13u4,LOW,LOW,affected,affected,,,,,retained,100
trivy,deb,libc-bin,CVE-2026-18374,libc-bin,libc-bin,2.41-12+deb13u4,2.41-12+deb13u4,MEDIUM,MEDIUM,affected,affected,,,,,retained,100
trivy,deb,libc-bin,CVE-2026-19499,libc-bin,libc-bin,2.41-12+deb13u4,2.41-12+deb13u4,MEDIUM,MEDIUM,affected,affected,,,,,retained,100
trivy,deb,libc-bin,CVE-2026-19542,libc-bin,libc-bin,2.41-12+deb13u4,2.41-12+deb13u4,MEDIUM,MEDIUM,affected,affected,,,,,retained,100
trivy,deb,libc-bin,CVE-2026-5435,libc-bin,libc-bin,2.41-12+deb13u4,2.41-12+deb13u4,MEDIUM,MEDIUM,affected,affected,,,,,retained,100
trivy,deb,libc-bin,CVE-2026-6238,libc-bin,libc-bin,2.41-12+deb13u4,2.41-12+deb13u4,MEDIUM,MEDIUM,affected,affected,,,,,retained,100
trivy,deb,libc-bin,CVE-2026-6368,libc-bin,libc-bin,2.41-12+deb13u4,2.41-12+deb13u4,MEDIUM,MEDIUM,affected,affected,,,,,retained,100
trivy,deb,libc-bin,CVE-2026-6791,libc-bin,libc-bin,2.41-12+deb13u4,2.41-12+deb13u4,MEDIUM,MEDIUM,affected,affected,,,,,retained,100
trivy,deb,libc-bin,CVE-2026-77117,libc-bin,libc-bin,2.41-12+deb13u4,2.41-12+deb13u4,MEDIUM,MEDIUM,affected,affected,,,,,retained,100
trivy,deb,libc-bin,CVE-2026-80489,libc-bin,libc-bin,2.41-12+deb13u4,2.41-12+deb13u4,MEDIUM,MEDIUM,affected,affected,,,,,retained,100
trivy,deb,libc-bin,CVE-2026-8674,libc-bin,libc-bin,2.41-12+deb13u4,2.41-12+deb13u4,MEDIUM,MEDIUM,affected,affected,,,,,retained,100
trivy,deb,libc-bin,CVE-2026-86805,libc-bin,libc-bin,2.41-12+deb13u4,2.41-12+deb13u4,MEDIUM,MEDIUM,affected,affected,,,,,retained,100
trivy,deb,libc-bin,CVE-2026-89092,libc-bin,libc-bin,2.41-12+deb13u4,2.41-12+deb13u4,MEDIUM,MEDIUM,affected,affected,,,,,retained,100
trivy,deb,libc-bin,CVE-2026-95818,libc-bin,libc-bin,2.41-12+deb13u4,2.41-12+deb13u4,MEDIUM,MEDIUM,affected,affected,,,,,retained,100
trivy,deb,libc-bin,CVE-2026-97399,libc-bin,libc-bin,2.41-12+deb13u4,2.41-12+deb13u4,LOW,LOW,affected,affected,,,,,retained,100
trivy,deb,libc6,CVE-2010-4756,libc6,libc6,2.41-12+deb13u4,2.41-12+deb13u4,LOW,LOW,affected,affected,,,,,retained,100
trivy,deb,libc6,CVE-2018-20796,libc6,libc6,2.41-12+deb13u4,2.41-12+deb13u4,LOW,LOW,affected,affected,,,,,retained,100
trivy,deb,libc6,CVE-2019-1010022,libc6,libc6,2.41-12+deb13u4,2.41-12+deb13u4,LOW,LOW,affected,affected,,,,,retained,100
trivy,deb,libc6,CVE-2019-1010023,libc6,libc6,2.41-12+deb13u4,2.41-12+deb13u4,LOW,LOW,affected,affected,,,,,retained,100
trivy,deb,libc6,CVE-2019-1010024,libc6,libc6,2.41-12+deb13u4,2.41-12+deb13u4,LOW,LOW,affected,affected,,,,,retained,100
trivy,deb,libc6,CVE-2019-1010025,libc6,libc6,2.41-12+deb13u4,2.41-12+deb13u4,LOW,LOW,affected,affected,,,,,retained,100
trivy,deb,libc6,CVE-2019-9192,libc6,libc6,2.41-12+deb13u4,2.41-12+deb13u4,LOW,LOW,affected,affected,,,,,retained,100
trivy,deb,libc6,CVE-2026-18374,libc6,libc6,2.41-12+deb13u4,2.41-12+deb13u4,MEDIUM,MEDIUM,affected,affected,,,,,retained,100
trivy,deb,libc6,CVE-2026-19499,libc6,libc6,2.41-12+deb13u4,2.41-12+deb13u4,MEDIUM,MEDIUM,affected,affected,,,,,retained,100
trivy,deb,libc6,CVE-2026-19542,libc6,libc6,2.41-12+deb13u4,2.41-12+deb13u4,MEDIUM,MEDIUM,affected,affected,,,,,retained,100
trivy,deb,libc6,CVE-2026-5435,libc6,libc6,2.41-12+deb13u4,2.41-12+deb13u4,MEDIUM,MEDIUM,affected,affected,,,,,retained,100
trivy,deb,libc6,CVE-2026-6238,libc6,libc6,2.41-12+deb13u4,2.41-12+deb13u4,MEDIUM,MEDIUM,affected,affected,,,,,retained,100
trivy,deb,libc6,CVE-2026-6368,libc6,libc6,2.41-12+deb13u4,2.41-12+deb13u4,MEDIUM,MEDIUM,affected,affected,,,,,retained,100
trivy,deb,libc6,CVE-2026-6791,libc6,libc6,2.41-12+deb13u4,2.41-12+deb13u4,MEDIUM,MEDIUM,affected,affected,,,,,retained,100
trivy,deb,libc6,CVE-2026-77117,libc6,libc6,2.41-12+deb13u4,2.41-12+deb13u4,MEDIUM,MEDIUM,affected,affected,,,,,retained,100
trivy,deb,libc6,CVE-2026-80489,libc6,libc6,2.41-12+deb13u4,2.41-12+deb13u4,MEDIUM,MEDIUM,affected,affected,,,,,retained,100
trivy,deb,libc6,CVE-2026-8674,libc6,libc6,2.41-12+deb13u4,2.41-12+deb13u4,MEDIUM,MEDIUM,affected,affected,,,,,retained,100
trivy,deb,libc6,CVE-2026-86805,libc6,libc6,2.41-12+deb13u4,2.41-12+deb13u4,MEDIUM,MEDIUM,affected,affected,,,,,retained,100
trivy,deb,libc6,CVE-2026-89092,libc6,libc6,2.41-12+deb13u4,2.41-12+deb13u4,MEDIUM,MEDIUM,affected,affected,,,,,retained,100
trivy,deb,libc6,CVE-2026-95818,libc6,libc6,2.41-12+deb13u4,2.41-12+deb13u4,MEDIUM,MEDIUM,affected,affected,,,,,retained,100
trivy,deb,libc6,CVE-2026-97399,libc6,libc6,2.41-12+deb13u4,2.41-12+deb13u4,LOW,LOW,affected,affected,,,,,retained,100
trivy,deb,libgcc-s1,CVE-2026-102010,libgcc-s1,libgcc-s1,14.2.0-19,14.2.0-19,MEDIUM,MEDIUM,affected,affected,,,,,retained,100
trivy,deb,libgcc-s1,CVE-2026-95619,libgcc-s1,libgcc-s1,14.2.0-19,14.2.0-19,MEDIUM,MEDIUM,affected,affected,,,,,retained,100
trivy,deb,liblastlog2-2,CVE-2022-0563,liblastlog2-2,liblastlog2-2,2.41.5-0+deb13u1,2.41.5-0+deb13u1,LOW,LOW,affected,affected,,,,,retained,100
trivy,deb,liblastlog2-2,CVE-2026-3184,liblastlog2-2,liblastlog2-2,2.41.5-0+deb13u1,2.41.5-0+deb13u1,MEDIUM,MEDIUM,affected,affected,,,,,retained,100
trivy,deb,liblastlog2-2,CVE-2026-76642,liblastlog2-2,liblastlog2-2,2.41.5-0+deb13u1,2.41.5-0+deb13u1,HIGH,HIGH,affected,affected,,,,,retained,100
trivy,deb,liblastlog2-2,CVE-2026-78408,liblastlog2-2,liblastlog2-2,2.41.5-0+deb13u1,2.41.5-0+deb13u1,HIGH,HIGH,affected,affected,,,,,retained,100
trivy,deb,liblastlog2-2,CVE-2026-78409,liblastlog2-2,liblastlog2-2,2.41.5-0+deb13u1,2.41.5-0+deb13u1,HIGH,HIGH,affected,affected,,,,,retained,100
trivy,deb,liblastlog2-2,CVE-2026-78410,liblastlog2-2,liblastlog2-2,2.41.5-0+deb13u1,2.41.5-0+deb13u1,HIGH,HIGH,affected,affected,,,,,retained,100
trivy,deb,liblzma5,TEMP-1147318-639065,liblzma5,liblzma5,5.8.1-1+deb13u1,5.8.1-1+deb13u1,UNKNOWN,UNKNOWN,affected,affected,,,,,retained,100
trivy,deb,libmount1,CVE-2022-0563,libmount1,libmount1,2.41.5-0+deb13u1,2.41.5-0+deb13u1,LOW,LOW,affected,affected,,,,,retained,100
trivy,deb,libmount1,CVE-2026-3184,libmount1,libmount1,2.41.5-0+deb13u1,2.41.5-0+deb13u1,MEDIUM,MEDIUM,affected,affected,,,,,retained,100
trivy,deb,libmount1,CVE-2026-76642,libmount1,libmount1,2.41.5-0+deb13u1,2.41.5-0+deb13u1,HIGH,HIGH,affected,affected,,,,,retained,100
trivy,deb,libmount1,CVE-2026-78408,libmount1,libmount1,2.41.5-0+deb13u1,2.41.5-0+deb13u1,HIGH,HIGH,affected,affected,,,,,retained,100
trivy,deb,libmount1,CVE-2026-78409,libmount1,libmount1,2.41.5-0+deb13u1,2.41.5-0+deb13u1,HIGH,HIGH,affected,affected,,,,,retained,100
trivy,deb,libmount1,CVE-2026-78410,libmount1,libmount1,2.41.5-0+deb13u1,2.41.5-0+deb13u1,HIGH,HIGH,affected,affected,,,,,retained,100
trivy,deb,libncursesw6,CVE-2025-6141,libncursesw6,libncursesw6,6.5+20250216-2,6.5+20250216-2,LOW,LOW,affected,affected,,,,,retained,100
trivy,deb,libncursesw6,CVE-2025-69720,libncursesw6,libncursesw6,6.5+20250216-2,6.5+20250216-2,HIGH,HIGH,affected,affected,,,,,retained,100
trivy,deb,libpam-modules,CVE-2026-54411,libpam-modules,libpam-modules,1.7.0-5,1.7.0-5,MEDIUM,MEDIUM,affected,affected,,,,,retained,100
trivy,deb,libpam-modules-bin,CVE-2026-54411,libpam-modules-bin,libpam-modules-bin,1.7.0-5,1.7.0-5,MEDIUM,MEDIUM,affected,affected,,,,,retained,100
trivy,deb,libpam-runtime,CVE-2026-54411,libpam-runtime,libpam-runtime,1.7.0-5,1.7.0-5,MEDIUM,MEDIUM,affected,affected,,,,,retained,100
trivy,deb,libpam0g,CVE-2026-54411,libpam0g,libpam0g,1.7.0-5,1.7.0-5,MEDIUM,MEDIUM,affected,affected,,,,,retained,100
trivy,deb,libsmartcols1,CVE-2022-0563,libsmartcols1,libsmartcols1,2.41.5-0+deb13u1,2.41.5-0+deb13u1,LOW,LOW,affected,affected,,,,,retained,100
trivy,deb,libsmartcols1,CVE-2026-3184,libsmartcols1,libsmartcols1,2.41.5-0+deb13u1,2.41.5-0+deb13u1,MEDIUM,MEDIUM,affected,affected,,,,,retained,100
trivy,deb,libsmartcols1,CVE-2026-76642,libsmartcols1,libsmartcols1,2.41.5-0+deb13u1,2.41.5-0+deb13u1,HIGH,HIGH,affected,affected,,,,,retained,100
trivy,deb,libsmartcols1,CVE-2026-78408,libsmartcols1,libsmartcols1,2.41.5-0+deb13u1,2.41.5-0+deb13u1,HIGH,HIGH,affected,affected,,,,,retained,100
trivy,deb,libsmartcols1,CVE-2026-78409,libsmartcols1,libsmartcols1,2.41.5-0+deb13u1,2.41.5-0+deb13u1,HIGH,HIGH,affected,affected,,,,,retained,100
trivy,deb,libsmartcols1,CVE-2026-78410,libsmartcols1,libsmartcols1,2.41.5-0+deb13u1,2.41.5-0+deb13u1,HIGH,HIGH,affected,affected,,,,,retained,100
trivy,deb,libsqlite3-0,CVE-2021-45346,libsqlite3-0,libsqlite3-0,3.46.1-7+deb13u2,3.46.1-7+deb13u2,LOW,LOW,affected,affected,,,,,retained,100
trivy,deb,libsqlite3-0,CVE-2025-70873,libsqlite3-0,libsqlite3-0,3.46.1-7+deb13u2,3.46.1-7+deb13u2,LOW,LOW,affected,affected,,,,,retained,100
trivy,deb,libsqlite3-0,CVE-2026-50812,libsqlite3-0,libsqlite3-0,3.46.1-7+deb13u2,3.46.1-7+deb13u2,MEDIUM,MEDIUM,affected,affected,,,,,retained,100
trivy,deb,libsqlite3-0,CVE-2026-50813,libsqlite3-0,libsqlite3-0,3.46.1-7+deb13u2,3.46.1-7+deb13u2,MEDIUM,MEDIUM,affected,affected,,,,,retained,100
trivy,deb,libstdc++6,CVE-2026-102010,libstdc++6,libstdc++6,14.2.0-19,14.2.0-19,MEDIUM,MEDIUM,affected,affected,,,,,retained,100
trivy,deb,libstdc++6,CVE-2026-95619,libstdc++6,libstdc++6,14.2.0-19,14.2.0-19,MEDIUM,MEDIUM,affected,affected,,,,,retained,100
trivy,deb,libsystemd0,CVE-2013-4392,libsystemd0,libsystemd0,257.13-1~deb13u1,257.13-1~deb13u1,LOW,LOW,affected,affected,,,,,retained,100
trivy,deb,libsystemd0,CVE-2023-31437,libsystemd0,libsystemd0,257.13-1~deb13u1,257.13-1~deb13u1,LOW,LOW,affected,affected,,,,,retained,100
trivy,deb,libsystemd0,CVE-2023-31438,libsystemd0,libsystemd0,257.13-1~deb13u1,257.13-1~deb13u1,LOW,LOW,affected,affected,,,,,retained,100
trivy,deb,libsystemd0,CVE-2023-31439,libsystemd0,libsystemd0,257.13-1~deb13u1,257.13-1~deb13u1,LOW,LOW,affected,affected,,,,,retained,100
trivy,deb,libsystemd0,CVE-2026-15059,libsystemd0,libsystemd0,257.13-1~deb13u1,257.13-1~deb13u1,MEDIUM,MEDIUM,affected,affected,,,,,retained,100
trivy,deb,libsystemd0,CVE-2026-16742,libsystemd0,libsystemd0,257.13-1~deb13u1,257.13-1~deb13u1,HIGH,HIGH,affected,affected,,,,,retained,100
trivy,deb,libsystemd0,CVE-2026-40228,libsystemd0,libsystemd0,257.13-1~deb13u1,257.13-1~deb13u1,LOW,LOW,affected,affected,,,,,retained,100
trivy,deb,libtinfo6,CVE-2025-6141,libtinfo6,libtinfo6,6.5+20250216-2,6.5+20250216-2,LOW,LOW,affected,affected,,,,,retained,100
trivy,deb,libtinfo6,CVE-2025-69720,libtinfo6,libtinfo6,6.5+20250216-2,6.5+20250216-2,HIGH,HIGH,affected,affected,,,,,retained,100
trivy,deb,libudev1,CVE-2013-4392,libudev1,libudev1,257.13-1~deb13u1,257.13-1~deb13u1,LOW,LOW,affected,affected,,,,,retained,100
trivy,deb,libudev1,CVE-2023-31437,libudev1,libudev1,257.13-1~deb13u1,257.13-1~deb13u1,LOW,LOW,affected,affected,,,,,retained,100
trivy,deb,libudev1,CVE-2023-31438,libudev1,libudev1,257.13-1~deb13u1,257.13-1~deb13u1,LOW,LOW,affected,affected,,,,,retained,100
trivy,deb,libudev1,CVE-2023-31439,libudev1,libudev1,257.13-1~deb13u1,257.13-1~deb13u1,LOW,LOW,affected,affected,,,,,retained,100
trivy,deb,libudev1,CVE-2026-15059,libudev1,libudev1,257.13-1~deb13u1,257.13-1~deb13u1,MEDIUM,MEDIUM,affected,affected,,,,,retained,100
trivy,deb,libudev1,CVE-2026-16742,libudev1,libudev1,257.13-1~deb13u1,257.13-1~deb13u1,HIGH,HIGH,affected,affected,,,,,retained,100
trivy,deb,libudev1,CVE-2026-40228,libudev1,libudev1,257.13-1~deb13u1,257.13-1~deb13u1,LOW,LOW,affected,affected,,,,,retained,100
trivy,deb,libuuid1,CVE-2022-0563,libuuid1,libuuid1,2.41.5-0+deb13u1,2.41.5-0+deb13u1,LOW,LOW,affected,affected,,,,,retained,100
trivy,deb,libuuid1,CVE-2026-3184,libuuid1,libuuid1,2.41.5-0+deb13u1,2.41.5-0+deb13u1,MEDIUM,MEDIUM,affected,affected,,,,,retained,100
trivy,deb,libuuid1,CVE-2026-76642,libuuid1,libuuid1,2.41.5-0+deb13u1,2.41.5-0+deb13u1,HIGH,HIGH,affected,affected,,,,,retained,100
trivy,deb,libuuid1,CVE-2026-78408,libuuid1,libuuid1,2.41.5-0+deb13u1,2.41.5-0+deb13u1,HIGH,HIGH,affected,affected,,,,,retained,100
trivy,deb,libuuid1,CVE-2026-78409,libuuid1,libuuid1,2.41.5-0+deb13u1,2.41.5-0+deb13u1,HIGH,HIGH,affected,affected,,,,,retained,100
trivy,deb,libuuid1,CVE-2026-78410,libuuid1,libuuid1,2.41.5-0+deb13u1,2.41.5-0+deb13u1,HIGH,HIGH,affected,affected,,,,,retained,100
trivy,deb,login,CVE-2022-0563,login,login,1:4.16.0-2+really2.41.5-0+deb13u1,1:4.16.0-2+really2.41.5-0+deb13u1,LOW,LOW,affected,affected,,,,,retained,100
trivy,deb,login,CVE-2026-3184,login,login,1:4.16.0-2+really2.41.5-0+deb13u1,1:4.16.0-2+really2.41.5-0+deb13u1,MEDIUM,MEDIUM,affected,affected,,,,,retained,100
trivy,deb,login,CVE-2026-76642,login,login,1:4.16.0-2+really2.41.5-0+deb13u1,1:4.16.0-2+really2.41.5-0+deb13u1,HIGH,HIGH,affected,affected,,,,,retained,100
trivy,deb,login,CVE-2026-78408,login,login,1:4.16.0-2+really2.41.5-0+deb13u1,1:4.16.0-2+really2.41.5-0+deb13u1,HIGH,HIGH,affected,affected,,,,,retained,100
trivy,deb,login,CVE-2026-78409,login,login,1:4.16.0-2+really2.41.5-0+deb13u1,1:4.16.0-2+really2.41.5-0+deb13u1,HIGH,HIGH,affected,affected,,,,,retained,100
trivy,deb,login,CVE-2026-78410,login,login,1:4.16.0-2+really2.41.5-0+deb13u1,1:4.16.0-2+really2.41.5-0+deb13u1,HIGH,HIGH,affected,affected,,,,,retained,100
trivy,deb,login.defs,CVE-2007-5686,login.defs,login.defs,1:4.17.4-2,1:4.17.4-2,LOW,LOW,affected,affected,,,,,retained,100
trivy,deb,login.defs,CVE-2024-56433,login.defs,login.defs,1:4.17.4-2,1:4.17.4-2,LOW,LOW,affected,affected,,,,,retained,100
trivy,deb,login.defs,TEMP-0628843-DBAD28,login.defs,login.defs,1:4.17.4-2,1:4.17.4-2,LOW,LOW,affected,affected,,,,,retained,100
trivy,deb,mount,CVE-2022-0563,mount,mount,2.41.5-0+deb13u1,2.41.5-0+deb13u1,LOW,LOW,affected,affected,,,,,retained,100
trivy,deb,mount,CVE-2026-3184,mount,mount,2.41.5-0+deb13u1,2.41.5-0+deb13u1,MEDIUM,MEDIUM,affected,affected,,,,,retained,100
trivy,deb,mount,CVE-2026-76642,mount,mount,2.41.5-0+deb13u1,2.41.5-0+deb13u1,HIGH,HIGH,affected,affected,,,,,retained,100
trivy,deb,mount,CVE-2026-78408,mount,mount,2.41.5-0+deb13u1,2.41.5-0+deb13u1,HIGH,HIGH,affected,affected,,,,,retained,100
trivy,deb,mount,CVE-2026-78409,mount,mount,2.41.5-0+deb13u1,2.41.5-0+deb13u1,HIGH,HIGH,affected,affected,,,,,retained,100
trivy,deb,mount,CVE-2026-78410,mount,mount,2.41.5-0+deb13u1,2.41.5-0+deb13u1,HIGH,HIGH,affected,affected,,,,,retained,100
trivy,deb,ncurses-base,CVE-2025-6141,ncurses-base,ncurses-base,6.5+20250216-2,6.5+20250216-2,LOW,LOW,affected,affected,,,,,retained,100
trivy,deb,ncurses-base,CVE-2025-69720,ncurses-base,ncurses-base,6.5+20250216-2,6.5+20250216-2,HIGH,HIGH,affected,affected,,,,,retained,100
trivy,deb,ncurses-bin,CVE-2025-6141,ncurses-bin,ncurses-bin,6.5+20250216-2,6.5+20250216-2,LOW,LOW,affected,affected,,,,,retained,100
trivy,deb,ncurses-bin,CVE-2025-69720,ncurses-bin,ncurses-bin,6.5+20250216-2,6.5+20250216-2,HIGH,HIGH,affected,affected,,,,,retained,100
trivy,deb,passwd,CVE-2007-5686,passwd,passwd,1:4.17.4-2,1:4.17.4-2,LOW,LOW,affected,affected,,,,,retained,100
trivy,deb,passwd,CVE-2024-56433,passwd,passwd,1:4.17.4-2,1:4.17.4-2,LOW,LOW,affected,affected,,,,,retained,100
trivy,deb,passwd,TEMP-0628843-DBAD28,passwd,passwd,1:4.17.4-2,1:4.17.4-2,LOW,LOW,affected,affected,,,,,retained,100
trivy,deb,perl-base,CVE-2011-4116,perl-base,perl-base,5.40.1-6+deb13u1,5.40.1-6+deb13u1,LOW,LOW,affected,affected,,,,,retained,100
trivy,deb,perl-base,CVE-2026-15534,perl-base,perl-base,5.40.1-6+deb13u1,5.40.1-6+deb13u1,MEDIUM,MEDIUM,fix_deferred,fix_deferred,,,,,retained,100
trivy,deb,perl-base,CVE-2026-19487,perl-base,perl-base,5.40.1-6+deb13u1,5.40.1-6+deb13u1,MEDIUM,MEDIUM,affected,affected,,,,,retained,100
trivy,deb,perl-base,CVE-2026-82560,perl-base,perl-base,5.40.1-6+deb13u1,5.40.1-6+deb13u1,UNKNOWN,UNKNOWN,affected,affected,,,,,retained,100
trivy,deb,perl-base,CVE-2026-9538,perl-base,perl-base,5.40.1-6+deb13u1,5.40.1-6+deb13u1,HIGH,HIGH,fix_deferred,fix_deferred,,,,,retained,100
trivy,deb,sysvinit-utils,TEMP-0517018-A83CE6,sysvinit-utils,sysvinit-utils,3.14-4,3.14-4,LOW,LOW,affected,affected,,,,,retained,100
trivy,deb,tar,CVE-2005-2541,tar,tar,1.35+dfsg-3.1,1.35+dfsg-3.1,LOW,LOW,affected,affected,,,,,retained,100
trivy,deb,tar,CVE-2026-18477,tar,tar,1.35+dfsg-3.1,1.35+dfsg-3.1,MEDIUM,MEDIUM,affected,affected,,,,,retained,100
trivy,deb,tar,CVE-2026-18508,tar,tar,1.35+dfsg-3.1,1.35+dfsg-3.1,MEDIUM,MEDIUM,affected,affected,,,,,retained,100
trivy,deb,tar,CVE-2026-5704,tar,tar,1.35+dfsg-3.1,1.35+dfsg-3.1,MEDIUM,MEDIUM,affected,affected,,,,,retained,100
trivy,deb,tar,TEMP-0290435-0B57B5,tar,tar,1.35+dfsg-3.1,1.35+dfsg-3.1,LOW,LOW,affected,affected,,,,,retained,100
trivy,deb,util-linux,CVE-2022-0563,util-linux,util-linux,2.41.5-0+deb13u1,2.41.5-0+deb13u1,LOW,LOW,affected,affected,,,,,retained,100
trivy,deb,util-linux,CVE-2026-3184,util-linux,util-linux,2.41.5-0+deb13u1,2.41.5-0+deb13u1,MEDIUM,MEDIUM,affected,affected,,,,,retained,100
trivy,deb,util-linux,CVE-2026-76642,util-linux,util-linux,2.41.5-0+deb13u1,2.41.5-0+deb13u1,HIGH,HIGH,affected,affected,,,,,retained,100
trivy,deb,util-linux,CVE-2026-78408,util-linux,util-linux,2.41.5-0+deb13u1,2.41.5-0+deb13u1,HIGH,HIGH,affected,affected,,,,,retained,100
trivy,deb,util-linux,CVE-2026-78409,util-linux,util-linux,2.41.5-0+deb13u1,2.41.5-0+deb13u1,HIGH,HIGH,affected,affected,,,,,retained,100
trivy,deb,util-linux,CVE-2026-78410,util-linux,util-linux,2.41.5-0+deb13u1,2.41.5-0+deb13u1,HIGH,HIGH,affected,affected,,,,,retained,100
trivy,deb,zlib1g,CVE-2026-27171,zlib1g,zlib1g,1:1.3.dfsg+really1.3.1-1+b1,1:1.3.dfsg+really1.3.1-1+b1,MEDIUM,MEDIUM,affected,affected,,,,,retained,100
trivy,deb,zlib1g,CVE-2026-85091,zlib1g,zlib1g,1:1.3.dfsg+really1.3.1-1+b1,1:1.3.dfsg+really1.3.1-1+b1,MEDIUM,MEDIUM,affected,affected,,,,,retained,100
trivy,python,cryptography,CVE-2026-69247,cryptography,cryptography,49.0.0,50.0.2,HIGH,,fixed,,50.0.0,,usr/local/lib/python3.11/site-packages/cryptography-49.0.0.dist-info/METADATA,,no-longer-reported,
trivy,python,msgpack,GHSA-6v7p-g79w-8964,msgpack,,1.1.2,,HIGH,,fixed,,1.2.1,,,,no-longer-reported,
trivy,python,setuptools,CVE-2025-47273,setuptools,,70.3.0,,HIGH,,fixed,,78.1.1,,,,no-longer-reported,
trivy,python,setuptools,CVE-2026-59890,setuptools,,70.3.0,,MEDIUM,,fixed,,83.0.0,,,,no-longer-reported,
trivy,python,urllib3,CVE-2026-97687,urllib3,,2.7.0,,HIGH,,fixed,,2.8.0,,,,no-longer-reported,
trivy,python,urllib3,CVE-2026-97688,urllib3,,2.7.0,,MEDIUM,,fixed,,2.8.0,,,,no-longer-reported,
trivy,python,urllib3,CVE-2026-97689,urllib3,,2.7.0,,HIGH,,fixed,,2.8.0,,,,no-longer-reported,
