advisory,aliases,scanner,package,version,type,severity,scanner_paths,disposition,owner,expires_at,followup_issue
CVE-2005-2541,CVE-2005-2541,grype,tar,1.35+dfsg-3.1,deb,Negligible,/usr/share/doc/tar/copyright;/var/lib/dpkg/info/tar.list;/var/lib/dpkg/info/tar.md5sums;/var/lib/dpkg/info/tar.postinst;/var/lib/dpkg/info/tar.prerm;/var/lib/dpkg/status,mitigated,PaperWrench maintainer (@flowent59),2026-10-18T00:00:00Z,108
CVE-2005-2541,CVE-2005-2541,trivy,tar,1.35+dfsg-3.1,debian,Low,,mitigated,PaperWrench maintainer (@flowent59),2026-10-18T00:00:00Z,108
CVE-2007-5686,CVE-2007-5686,grype,login.defs,1:4.17.4-2,deb,Negligible,/usr/share/doc/login.defs/copyright;/var/lib/dpkg/info/login.defs.conffiles;/var/lib/dpkg/info/login.defs.list;/var/lib/dpkg/info/login.defs.md5sums;/var/lib/dpkg/info/login.defs.postinst;/var/lib/dpkg/status,accepted-risk,PaperWrench maintainer (@flowent59),2026-10-18T00:00:00Z,108
CVE-2007-5686,CVE-2007-5686,grype,passwd,1:4.17.4-2,deb,Negligible,/usr/share/doc/passwd/copyright;/var/lib/dpkg/info/passwd.conffiles;/var/lib/dpkg/info/passwd.list;/var/lib/dpkg/info/passwd.md5sums;/var/lib/dpkg/info/passwd.postinst;/var/lib/dpkg/info/passwd.postrm;/var/lib/dpkg/info/passwd.preinst;/var/lib/dpkg/info/passwd.prerm;/var/lib/dpkg/status,accepted-risk,PaperWrench maintainer (@flowent59),2026-10-18T00:00:00Z,108
CVE-2007-5686,CVE-2007-5686,trivy,login.defs,1:4.17.4-2,debian,Low,,accepted-risk,PaperWrench maintainer (@flowent59),2026-10-18T00:00:00Z,108
CVE-2007-5686,CVE-2007-5686,trivy,passwd,1:4.17.4-2,debian,Low,,accepted-risk,PaperWrench maintainer (@flowent59),2026-10-18T00:00:00Z,108
CVE-2010-4756,CVE-2010-4756,grype,libc-bin,2.41-12+deb13u4,deb,Negligible,/usr/share/doc/libc-bin/copyright;/var/lib/dpkg/info/libc-bin.conffiles;/var/lib/dpkg/info/libc-bin.list;/var/lib/dpkg/info/libc-bin.md5sums;/var/lib/dpkg/info/libc-bin.postinst;/var/lib/dpkg/info/libc-bin.triggers;/var/lib/dpkg/status,accepted-risk,PaperWrench maintainer (@flowent59),2026-10-18T00:00:00Z,108
CVE-2010-4756,CVE-2010-4756,grype,libc6,2.41-12+deb13u4,deb,Negligible,/usr/share/doc/libc6/copyright;/var/lib/dpkg/info/libc6:amd64.conffiles;/var/lib/dpkg/info/libc6:amd64.md5sums;/var/lib/dpkg/status,accepted-risk,PaperWrench maintainer (@flowent59),2026-10-18T00:00:00Z,108
CVE-2010-4756,CVE-2010-4756,trivy,libc-bin,2.41-12+deb13u4,debian,Low,,accepted-risk,PaperWrench maintainer (@flowent59),2026-10-18T00:00:00Z,108
CVE-2010-4756,CVE-2010-4756,trivy,libc6,2.41-12+deb13u4,debian,Low,,accepted-risk,PaperWrench maintainer (@flowent59),2026-10-18T00:00:00Z,108
CVE-2011-3374,CVE-2011-3374,grype,apt,3.0.3,deb,Negligible,/usr/share/doc/apt/copyright;/var/lib/dpkg/info/apt.conffiles;/var/lib/dpkg/info/apt.list;/var/lib/dpkg/info/apt.md5sums;/var/lib/dpkg/info/apt.postinst;/var/lib/dpkg/info/apt.postrm;/var/lib/dpkg/info/apt.preinst;/var/lib/dpkg/info/apt.prerm;/var/lib/dpkg/info/apt.shlibs;/var/lib/dpkg/info/apt.triggers;/var/lib/dpkg/status,code-not-shipped,PaperWrench maintainer (@flowent59),2026-10-18T00:00:00Z,108
CVE-2011-3374,CVE-2011-3374,grype,libapt-pkg7.0,3.0.3,deb,Negligible,/usr/share/doc/libapt-pkg7.0/copyright;/var/lib/dpkg/info/libapt-pkg7.0:amd64.md5sums;/var/lib/dpkg/status,code-not-shipped,PaperWrench maintainer (@flowent59),2026-10-18T00:00:00Z,108
CVE-2011-3374,CVE-2011-3374,trivy,apt,3.0.3,debian,Low,,code-not-shipped,PaperWrench maintainer (@flowent59),2026-10-18T00:00:00Z,108
CVE-2011-3374,CVE-2011-3374,trivy,libapt-pkg7.0,3.0.3,debian,Low,,code-not-shipped,PaperWrench maintainer (@flowent59),2026-10-18T00:00:00Z,108
CVE-2011-4116,CVE-2011-4116,grype,perl-base,5.40.1-6+deb13u1,deb,Negligible,/usr/share/doc/perl-base/copyright;/var/lib/dpkg/info/perl-base.list;/var/lib/dpkg/info/perl-base.md5sums;/var/lib/dpkg/status,accepted-risk,PaperWrench maintainer (@flowent59),2026-10-18T00:00:00Z,108
CVE-2011-4116,CVE-2011-4116,trivy,perl-base,5.40.1-6+deb13u1,debian,Low,,accepted-risk,PaperWrench maintainer (@flowent59),2026-10-18T00:00:00Z,108
CVE-2013-4392,CVE-2013-4392,grype,libsystemd0,257.13-1~deb13u1,deb,Negligible,/usr/share/doc/libsystemd0/copyright;/var/lib/dpkg/info/libsystemd0:amd64.md5sums;/var/lib/dpkg/status,accepted-risk,PaperWrench maintainer (@flowent59),2026-10-18T00:00:00Z,108
CVE-2013-4392,CVE-2013-4392,grype,libudev1,257.13-1~deb13u1,deb,Negligible,/usr/share/doc/libudev1/copyright;/var/lib/dpkg/info/libudev1:amd64.md5sums;/var/lib/dpkg/status,accepted-risk,PaperWrench maintainer (@flowent59),2026-10-18T00:00:00Z,108
CVE-2013-4392,CVE-2013-4392,trivy,libsystemd0,257.13-1~deb13u1,debian,Low,,accepted-risk,PaperWrench maintainer (@flowent59),2026-10-18T00:00:00Z,108
CVE-2013-4392,CVE-2013-4392,trivy,libudev1,257.13-1~deb13u1,debian,Low,,accepted-risk,PaperWrench maintainer (@flowent59),2026-10-18T00:00:00Z,108
CVE-2017-18018,CVE-2017-18018,grype,coreutils,9.7-3,deb,Negligible,/usr/share/doc/coreutils/copyright;/var/lib/dpkg/info/coreutils.list;/var/lib/dpkg/info/coreutils.md5sums;/var/lib/dpkg/status,accepted-risk,PaperWrench maintainer (@flowent59),2026-10-18T00:00:00Z,108
CVE-2017-18018,CVE-2017-18018,trivy,coreutils,9.7-3,debian,Low,,accepted-risk,PaperWrench maintainer (@flowent59),2026-10-18T00:00:00Z,108
CVE-2018-20796,CVE-2018-20796,grype,libc-bin,2.41-12+deb13u4,deb,Negligible,/usr/share/doc/libc-bin/copyright;/var/lib/dpkg/info/libc-bin.conffiles;/var/lib/dpkg/info/libc-bin.list;/var/lib/dpkg/info/libc-bin.md5sums;/var/lib/dpkg/info/libc-bin.postinst;/var/lib/dpkg/info/libc-bin.triggers;/var/lib/dpkg/status,accepted-risk,PaperWrench maintainer (@flowent59),2026-10-18T00:00:00Z,108
CVE-2018-20796,CVE-2018-20796,grype,libc6,2.41-12+deb13u4,deb,Negligible,/usr/share/doc/libc6/copyright;/var/lib/dpkg/info/libc6:amd64.conffiles;/var/lib/dpkg/info/libc6:amd64.md5sums;/var/lib/dpkg/status,accepted-risk,PaperWrench maintainer (@flowent59),2026-10-18T00:00:00Z,108
CVE-2018-20796,CVE-2018-20796,trivy,libc-bin,2.41-12+deb13u4,debian,Low,,accepted-risk,PaperWrench maintainer (@flowent59),2026-10-18T00:00:00Z,108
CVE-2018-20796,CVE-2018-20796,trivy,libc6,2.41-12+deb13u4,debian,Low,,accepted-risk,PaperWrench maintainer (@flowent59),2026-10-18T00:00:00Z,108
CVE-2019-1010022,CVE-2019-1010022,grype,libc-bin,2.41-12+deb13u4,deb,Negligible,/usr/share/doc/libc-bin/copyright;/var/lib/dpkg/info/libc-bin.conffiles;/var/lib/dpkg/info/libc-bin.list;/var/lib/dpkg/info/libc-bin.md5sums;/var/lib/dpkg/info/libc-bin.postinst;/var/lib/dpkg/info/libc-bin.triggers;/var/lib/dpkg/status,accepted-risk,PaperWrench maintainer (@flowent59),2026-10-18T00:00:00Z,108
CVE-2019-1010022,CVE-2019-1010022,grype,libc6,2.41-12+deb13u4,deb,Negligible,/usr/share/doc/libc6/copyright;/var/lib/dpkg/info/libc6:amd64.conffiles;/var/lib/dpkg/info/libc6:amd64.md5sums;/var/lib/dpkg/status,accepted-risk,PaperWrench maintainer (@flowent59),2026-10-18T00:00:00Z,108
CVE-2019-1010022,CVE-2019-1010022,trivy,libc-bin,2.41-12+deb13u4,debian,Low,,accepted-risk,PaperWrench maintainer (@flowent59),2026-10-18T00:00:00Z,108
CVE-2019-1010022,CVE-2019-1010022,trivy,libc6,2.41-12+deb13u4,debian,Low,,accepted-risk,PaperWrench maintainer (@flowent59),2026-10-18T00:00:00Z,108
CVE-2019-1010023,CVE-2019-1010023,grype,libc-bin,2.41-12+deb13u4,deb,Negligible,/usr/share/doc/libc-bin/copyright;/var/lib/dpkg/info/libc-bin.conffiles;/var/lib/dpkg/info/libc-bin.list;/var/lib/dpkg/info/libc-bin.md5sums;/var/lib/dpkg/info/libc-bin.postinst;/var/lib/dpkg/info/libc-bin.triggers;/var/lib/dpkg/status,accepted-risk,PaperWrench maintainer (@flowent59),2026-10-18T00:00:00Z,108
CVE-2019-1010023,CVE-2019-1010023,grype,libc6,2.41-12+deb13u4,deb,Negligible,/usr/share/doc/libc6/copyright;/var/lib/dpkg/info/libc6:amd64.conffiles;/var/lib/dpkg/info/libc6:amd64.md5sums;/var/lib/dpkg/status,accepted-risk,PaperWrench maintainer (@flowent59),2026-10-18T00:00:00Z,108
CVE-2019-1010023,CVE-2019-1010023,trivy,libc-bin,2.41-12+deb13u4,debian,Low,,accepted-risk,PaperWrench maintainer (@flowent59),2026-10-18T00:00:00Z,108
CVE-2019-1010023,CVE-2019-1010023,trivy,libc6,2.41-12+deb13u4,debian,Low,,accepted-risk,PaperWrench maintainer (@flowent59),2026-10-18T00:00:00Z,108
CVE-2019-1010024,CVE-2019-1010024,grype,libc-bin,2.41-12+deb13u4,deb,Negligible,/usr/share/doc/libc-bin/copyright;/var/lib/dpkg/info/libc-bin.conffiles;/var/lib/dpkg/info/libc-bin.list;/var/lib/dpkg/info/libc-bin.md5sums;/var/lib/dpkg/info/libc-bin.postinst;/var/lib/dpkg/info/libc-bin.triggers;/var/lib/dpkg/status,accepted-risk,PaperWrench maintainer (@flowent59),2026-10-18T00:00:00Z,108
CVE-2019-1010024,CVE-2019-1010024,grype,libc6,2.41-12+deb13u4,deb,Negligible,/usr/share/doc/libc6/copyright;/var/lib/dpkg/info/libc6:amd64.conffiles;/var/lib/dpkg/info/libc6:amd64.md5sums;/var/lib/dpkg/status,accepted-risk,PaperWrench maintainer (@flowent59),2026-10-18T00:00:00Z,108
CVE-2019-1010024,CVE-2019-1010024,trivy,libc-bin,2.41-12+deb13u4,debian,Low,,accepted-risk,PaperWrench maintainer (@flowent59),2026-10-18T00:00:00Z,108
CVE-2019-1010024,CVE-2019-1010024,trivy,libc6,2.41-12+deb13u4,debian,Low,,accepted-risk,PaperWrench maintainer (@flowent59),2026-10-18T00:00:00Z,108
CVE-2019-1010025,CVE-2019-1010025,grype,libc-bin,2.41-12+deb13u4,deb,Negligible,/usr/share/doc/libc-bin/copyright;/var/lib/dpkg/info/libc-bin.conffiles;/var/lib/dpkg/info/libc-bin.list;/var/lib/dpkg/info/libc-bin.md5sums;/var/lib/dpkg/info/libc-bin.postinst;/var/lib/dpkg/info/libc-bin.triggers;/var/lib/dpkg/status,accepted-risk,PaperWrench maintainer (@flowent59),2026-10-18T00:00:00Z,108
CVE-2019-1010025,CVE-2019-1010025,grype,libc6,2.41-12+deb13u4,deb,Negligible,/usr/share/doc/libc6/copyright;/var/lib/dpkg/info/libc6:amd64.conffiles;/var/lib/dpkg/info/libc6:amd64.md5sums;/var/lib/dpkg/status,accepted-risk,PaperWrench maintainer (@flowent59),2026-10-18T00:00:00Z,108
CVE-2019-1010025,CVE-2019-1010025,trivy,libc-bin,2.41-12+deb13u4,debian,Low,,accepted-risk,PaperWrench maintainer (@flowent59),2026-10-18T00:00:00Z,108
CVE-2019-1010025,CVE-2019-1010025,trivy,libc6,2.41-12+deb13u4,debian,Low,,accepted-risk,PaperWrench maintainer (@flowent59),2026-10-18T00:00:00Z,108
CVE-2019-9192,CVE-2019-9192,grype,libc-bin,2.41-12+deb13u4,deb,Negligible,/usr/share/doc/libc-bin/copyright;/var/lib/dpkg/info/libc-bin.conffiles;/var/lib/dpkg/info/libc-bin.list;/var/lib/dpkg/info/libc-bin.md5sums;/var/lib/dpkg/info/libc-bin.postinst;/var/lib/dpkg/info/libc-bin.triggers;/var/lib/dpkg/status,accepted-risk,PaperWrench maintainer (@flowent59),2026-10-18T00:00:00Z,108
CVE-2019-9192,CVE-2019-9192,grype,libc6,2.41-12+deb13u4,deb,Negligible,/usr/share/doc/libc6/copyright;/var/lib/dpkg/info/libc6:amd64.conffiles;/var/lib/dpkg/info/libc6:amd64.md5sums;/var/lib/dpkg/status,accepted-risk,PaperWrench maintainer (@flowent59),2026-10-18T00:00:00Z,108
CVE-2019-9192,CVE-2019-9192,trivy,libc-bin,2.41-12+deb13u4,debian,Low,,accepted-risk,PaperWrench maintainer (@flowent59),2026-10-18T00:00:00Z,108
CVE-2019-9192,CVE-2019-9192,trivy,libc6,2.41-12+deb13u4,debian,Low,,accepted-risk,PaperWrench maintainer (@flowent59),2026-10-18T00:00:00Z,108
CVE-2021-45346,CVE-2021-45346,grype,libsqlite3-0,3.46.1-7+deb13u2,deb,Negligible,/usr/share/doc/libsqlite3-0/copyright;/var/lib/dpkg/info/libsqlite3-0:amd64.md5sums;/var/lib/dpkg/status,accepted-risk,PaperWrench maintainer (@flowent59),2026-10-18T00:00:00Z,108
CVE-2021-45346,CVE-2021-45346,trivy,libsqlite3-0,3.46.1-7+deb13u2,debian,Low,,accepted-risk,PaperWrench maintainer (@flowent59),2026-10-18T00:00:00Z,108
CVE-2022-0563,CVE-2022-0563,grype,bsdutils,1:2.41.5-0+deb13u1,deb,Negligible,/usr/share/doc/bsdutils/copyright;/var/lib/dpkg/info/bsdutils.list;/var/lib/dpkg/info/bsdutils.md5sums;/var/lib/dpkg/status,mitigated,PaperWrench maintainer (@flowent59),2026-10-18T00:00:00Z,108
CVE-2022-0563,CVE-2022-0563,grype,libblkid1,2.41.5-0+deb13u1,deb,Negligible,/usr/share/doc/libblkid1/copyright;/var/lib/dpkg/info/libblkid1:amd64.md5sums;/var/lib/dpkg/status,mitigated,PaperWrench maintainer (@flowent59),2026-10-18T00:00:00Z,108
CVE-2022-0563,CVE-2022-0563,grype,liblastlog2-2,2.41.5-0+deb13u1,deb,Negligible,/usr/share/doc/liblastlog2-2/copyright;/var/lib/dpkg/info/liblastlog2-2:amd64.md5sums;/var/lib/dpkg/status,mitigated,PaperWrench maintainer (@flowent59),2026-10-18T00:00:00Z,108
CVE-2022-0563,CVE-2022-0563,grype,libmount1,2.41.5-0+deb13u1,deb,Negligible,/usr/share/doc/libmount1/copyright;/var/lib/dpkg/info/libmount1:amd64.md5sums;/var/lib/dpkg/status,mitigated,PaperWrench maintainer (@flowent59),2026-10-18T00:00:00Z,108
CVE-2022-0563,CVE-2022-0563,grype,libsmartcols1,2.41.5-0+deb13u1,deb,Negligible,/usr/share/doc/libsmartcols1/copyright;/var/lib/dpkg/info/libsmartcols1:amd64.md5sums;/var/lib/dpkg/status,mitigated,PaperWrench maintainer (@flowent59),2026-10-18T00:00:00Z,108
CVE-2022-0563,CVE-2022-0563,grype,libuuid1,2.41.5-0+deb13u1,deb,Negligible,/usr/share/doc/libuuid1/copyright;/var/lib/dpkg/info/libuuid1:amd64.md5sums;/var/lib/dpkg/status,mitigated,PaperWrench maintainer (@flowent59),2026-10-18T00:00:00Z,108
CVE-2022-0563,CVE-2022-0563,grype,login,1:4.16.0-2+really2.41.5-0+deb13u1,deb,Negligible,/usr/share/doc/login/copyright;/var/lib/dpkg/info/login.conffiles;/var/lib/dpkg/info/login.defs.conffiles;/var/lib/dpkg/info/login.defs.list;/var/lib/dpkg/info/login.defs.md5sums;/var/lib/dpkg/info/login.defs.postinst;/var/lib/dpkg/info/login.list;/var/lib/dpkg/info/login.md5sums;/var/lib/dpkg/info/login.postinst;/var/lib/dpkg/info/login.postrm;/var/lib/dpkg/info/login.preinst;/var/lib/dpkg/info/login.prerm;/var/lib/dpkg/status,mitigated,PaperWrench maintainer (@flowent59),2026-10-18T00:00:00Z,108
CVE-2022-0563,CVE-2022-0563,grype,mount,2.41.5-0+deb13u1,deb,Negligible,/usr/share/doc/mount/copyright;/var/lib/dpkg/info/mount.list;/var/lib/dpkg/info/mount.md5sums;/var/lib/dpkg/status,mitigated,PaperWrench maintainer (@flowent59),2026-10-18T00:00:00Z,108
CVE-2022-0563,CVE-2022-0563,grype,util-linux,2.41.5-0+deb13u1,deb,Negligible,/usr/share/doc/util-linux/copyright;/var/lib/dpkg/info/util-linux.conffiles;/var/lib/dpkg/info/util-linux.list;/var/lib/dpkg/info/util-linux.md5sums;/var/lib/dpkg/info/util-linux.postinst;/var/lib/dpkg/info/util-linux.postrm;/var/lib/dpkg/info/util-linux.prerm;/var/lib/dpkg/status,mitigated,PaperWrench maintainer (@flowent59),2026-10-18T00:00:00Z,108
CVE-2022-0563,CVE-2022-0563,trivy,bsdutils,1:2.41.5-0+deb13u1,debian,Low,,mitigated,PaperWrench maintainer (@flowent59),2026-10-18T00:00:00Z,108
CVE-2022-0563,CVE-2022-0563,trivy,libblkid1,2.41.5-0+deb13u1,debian,Low,,mitigated,PaperWrench maintainer (@flowent59),2026-10-18T00:00:00Z,108
CVE-2022-0563,CVE-2022-0563,trivy,liblastlog2-2,2.41.5-0+deb13u1,debian,Low,,mitigated,PaperWrench maintainer (@flowent59),2026-10-18T00:00:00Z,108
CVE-2022-0563,CVE-2022-0563,trivy,libmount1,2.41.5-0+deb13u1,debian,Low,,mitigated,PaperWrench maintainer (@flowent59),2026-10-18T00:00:00Z,108
CVE-2022-0563,CVE-2022-0563,trivy,libsmartcols1,2.41.5-0+deb13u1,debian,Low,,mitigated,PaperWrench maintainer (@flowent59),2026-10-18T00:00:00Z,108
CVE-2022-0563,CVE-2022-0563,trivy,libuuid1,2.41.5-0+deb13u1,debian,Low,,mitigated,PaperWrench maintainer (@flowent59),2026-10-18T00:00:00Z,108
CVE-2022-0563,CVE-2022-0563,trivy,login,1:4.16.0-2+really2.41.5-0+deb13u1,debian,Low,,mitigated,PaperWrench maintainer (@flowent59),2026-10-18T00:00:00Z,108
CVE-2022-0563,CVE-2022-0563,trivy,mount,2.41.5-0+deb13u1,debian,Low,,mitigated,PaperWrench maintainer (@flowent59),2026-10-18T00:00:00Z,108
CVE-2022-0563,CVE-2022-0563,trivy,util-linux,2.41.5-0+deb13u1,debian,Low,,mitigated,PaperWrench maintainer (@flowent59),2026-10-18T00:00:00Z,108
CVE-2023-31437,CVE-2023-31437,grype,libsystemd0,257.13-1~deb13u1,deb,Negligible,/usr/share/doc/libsystemd0/copyright;/var/lib/dpkg/info/libsystemd0:amd64.md5sums;/var/lib/dpkg/status,accepted-risk,PaperWrench maintainer (@flowent59),2026-10-18T00:00:00Z,108
CVE-2023-31437,CVE-2023-31437,grype,libudev1,257.13-1~deb13u1,deb,Negligible,/usr/share/doc/libudev1/copyright;/var/lib/dpkg/info/libudev1:amd64.md5sums;/var/lib/dpkg/status,accepted-risk,PaperWrench maintainer (@flowent59),2026-10-18T00:00:00Z,108
CVE-2023-31437,CVE-2023-31437,trivy,libsystemd0,257.13-1~deb13u1,debian,Low,,accepted-risk,PaperWrench maintainer (@flowent59),2026-10-18T00:00:00Z,108
CVE-2023-31437,CVE-2023-31437,trivy,libudev1,257.13-1~deb13u1,debian,Low,,accepted-risk,PaperWrench maintainer (@flowent59),2026-10-18T00:00:00Z,108
CVE-2023-31438,CVE-2023-31438,grype,libsystemd0,257.13-1~deb13u1,deb,Negligible,/usr/share/doc/libsystemd0/copyright;/var/lib/dpkg/info/libsystemd0:amd64.md5sums;/var/lib/dpkg/status,accepted-risk,PaperWrench maintainer (@flowent59),2026-10-18T00:00:00Z,108
CVE-2023-31438,CVE-2023-31438,grype,libudev1,257.13-1~deb13u1,deb,Negligible,/usr/share/doc/libudev1/copyright;/var/lib/dpkg/info/libudev1:amd64.md5sums;/var/lib/dpkg/status,accepted-risk,PaperWrench maintainer (@flowent59),2026-10-18T00:00:00Z,108
CVE-2023-31438,CVE-2023-31438,trivy,libsystemd0,257.13-1~deb13u1,debian,Low,,accepted-risk,PaperWrench maintainer (@flowent59),2026-10-18T00:00:00Z,108
CVE-2023-31438,CVE-2023-31438,trivy,libudev1,257.13-1~deb13u1,debian,Low,,accepted-risk,PaperWrench maintainer (@flowent59),2026-10-18T00:00:00Z,108
CVE-2023-31439,CVE-2023-31439,grype,libsystemd0,257.13-1~deb13u1,deb,Negligible,/usr/share/doc/libsystemd0/copyright;/var/lib/dpkg/info/libsystemd0:amd64.md5sums;/var/lib/dpkg/status,accepted-risk,PaperWrench maintainer (@flowent59),2026-10-18T00:00:00Z,108
CVE-2023-31439,CVE-2023-31439,grype,libudev1,257.13-1~deb13u1,deb,Negligible,/usr/share/doc/libudev1/copyright;/var/lib/dpkg/info/libudev1:amd64.md5sums;/var/lib/dpkg/status,accepted-risk,PaperWrench maintainer (@flowent59),2026-10-18T00:00:00Z,108
CVE-2023-31439,CVE-2023-31439,trivy,libsystemd0,257.13-1~deb13u1,debian,Low,,accepted-risk,PaperWrench maintainer (@flowent59),2026-10-18T00:00:00Z,108
CVE-2023-31439,CVE-2023-31439,trivy,libudev1,257.13-1~deb13u1,debian,Low,,accepted-risk,PaperWrench maintainer (@flowent59),2026-10-18T00:00:00Z,108
CVE-2024-56433,CVE-2024-56433,grype,login.defs,1:4.17.4-2,deb,Low,/usr/share/doc/login.defs/copyright;/var/lib/dpkg/info/login.defs.conffiles;/var/lib/dpkg/info/login.defs.list;/var/lib/dpkg/info/login.defs.md5sums;/var/lib/dpkg/info/login.defs.postinst;/var/lib/dpkg/status,code-not-shipped,PaperWrench maintainer (@flowent59),2026-10-18T00:00:00Z,108
CVE-2024-56433,CVE-2024-56433,grype,passwd,1:4.17.4-2,deb,Low,/usr/share/doc/passwd/copyright;/var/lib/dpkg/info/passwd.conffiles;/var/lib/dpkg/info/passwd.list;/var/lib/dpkg/info/passwd.md5sums;/var/lib/dpkg/info/passwd.postinst;/var/lib/dpkg/info/passwd.postrm;/var/lib/dpkg/info/passwd.preinst;/var/lib/dpkg/info/passwd.prerm;/var/lib/dpkg/status,code-not-shipped,PaperWrench maintainer (@flowent59),2026-10-18T00:00:00Z,108
CVE-2024-56433,CVE-2024-56433,trivy,login.defs,1:4.17.4-2,debian,Low,,code-not-shipped,PaperWrench maintainer (@flowent59),2026-10-18T00:00:00Z,108
CVE-2024-56433,CVE-2024-56433,trivy,passwd,1:4.17.4-2,debian,Low,,code-not-shipped,PaperWrench maintainer (@flowent59),2026-10-18T00:00:00Z,108
CVE-2025-12781,CVE-2025-12781,grype,python,3.11.17,binary,Medium,/usr/local/bin/python3.11;/usr/local/lib/libpython3.11.so.1.0,accepted-risk,PaperWrench maintainer (@flowent59),2026-10-18T00:00:00Z,107
CVE-2025-15366,CVE-2025-15366,grype,python,3.11.17,binary,Medium,/usr/local/bin/python3.11;/usr/local/lib/libpython3.11.so.1.0,accepted-risk,PaperWrench maintainer (@flowent59),2026-10-18T00:00:00Z,107
CVE-2025-15367,CVE-2025-15367,grype,python,3.11.17,binary,Medium,/usr/local/bin/python3.11;/usr/local/lib/libpython3.11.so.1.0,accepted-risk,PaperWrench maintainer (@flowent59),2026-10-18T00:00:00Z,107
CVE-2025-5278,CVE-2025-5278,grype,coreutils,9.7-3,deb,Negligible,/usr/share/doc/coreutils/copyright;/var/lib/dpkg/info/coreutils.list;/var/lib/dpkg/info/coreutils.md5sums;/var/lib/dpkg/status,accepted-risk,PaperWrench maintainer (@flowent59),2026-10-18T00:00:00Z,108
CVE-2025-5278,CVE-2025-5278,trivy,coreutils,9.7-3,debian,Low,,accepted-risk,PaperWrench maintainer (@flowent59),2026-10-18T00:00:00Z,108
CVE-2025-6141,CVE-2025-6141,grype,libncursesw6,6.5+20250216-2,deb,Medium,/usr/share/doc/libtinfo6/copyright;/var/lib/dpkg/info/libncursesw6:amd64.md5sums;/var/lib/dpkg/status,accepted-risk,PaperWrench maintainer (@flowent59),2026-10-18T00:00:00Z,108
CVE-2025-6141,CVE-2025-6141,grype,libtinfo6,6.5+20250216-2,deb,Medium,/usr/share/doc/libtinfo6/copyright;/var/lib/dpkg/info/libtinfo6:amd64.md5sums;/var/lib/dpkg/status,accepted-risk,PaperWrench maintainer (@flowent59),2026-10-18T00:00:00Z,108
CVE-2025-6141,CVE-2025-6141,grype,ncurses-base,6.5+20250216-2,deb,Medium,/usr/share/doc/ncurses-base/copyright;/var/lib/dpkg/info/ncurses-base.conffiles;/var/lib/dpkg/info/ncurses-base.list;/var/lib/dpkg/info/ncurses-base.md5sums;/var/lib/dpkg/status,accepted-risk,PaperWrench maintainer (@flowent59),2026-10-18T00:00:00Z,108
CVE-2025-6141,CVE-2025-6141,grype,ncurses-bin,6.5+20250216-2,deb,Medium,/usr/share/doc/ncurses-bin/copyright;/var/lib/dpkg/info/ncurses-bin.list;/var/lib/dpkg/info/ncurses-bin.md5sums;/var/lib/dpkg/status,accepted-risk,PaperWrench maintainer (@flowent59),2026-10-18T00:00:00Z,108
CVE-2025-6141,CVE-2025-6141,trivy,libncursesw6,6.5+20250216-2,debian,Low,,accepted-risk,PaperWrench maintainer (@flowent59),2026-10-18T00:00:00Z,108
CVE-2025-6141,CVE-2025-6141,trivy,libtinfo6,6.5+20250216-2,debian,Low,,accepted-risk,PaperWrench maintainer (@flowent59),2026-10-18T00:00:00Z,108
CVE-2025-6141,CVE-2025-6141,trivy,ncurses-base,6.5+20250216-2,debian,Low,,accepted-risk,PaperWrench maintainer (@flowent59),2026-10-18T00:00:00Z,108
CVE-2025-6141,CVE-2025-6141,trivy,ncurses-bin,6.5+20250216-2,debian,Low,,accepted-risk,PaperWrench maintainer (@flowent59),2026-10-18T00:00:00Z,108
CVE-2025-69720,CVE-2025-69720,grype,libncursesw6,6.5+20250216-2,deb,High,/usr/share/doc/libtinfo6/copyright;/var/lib/dpkg/info/libncursesw6:amd64.md5sums;/var/lib/dpkg/status,accepted-risk,PaperWrench maintainer (@flowent59),2026-10-18T00:00:00Z,108
CVE-2025-69720,CVE-2025-69720,grype,libtinfo6,6.5+20250216-2,deb,High,/usr/share/doc/libtinfo6/copyright;/var/lib/dpkg/info/libtinfo6:amd64.md5sums;/var/lib/dpkg/status,accepted-risk,PaperWrench maintainer (@flowent59),2026-10-18T00:00:00Z,108
CVE-2025-69720,CVE-2025-69720,grype,ncurses-base,6.5+20250216-2,deb,High,/usr/share/doc/ncurses-base/copyright;/var/lib/dpkg/info/ncurses-base.conffiles;/var/lib/dpkg/info/ncurses-base.list;/var/lib/dpkg/info/ncurses-base.md5sums;/var/lib/dpkg/status,accepted-risk,PaperWrench maintainer (@flowent59),2026-10-18T00:00:00Z,108
CVE-2025-69720,CVE-2025-69720,grype,ncurses-bin,6.5+20250216-2,deb,High,/usr/share/doc/ncurses-bin/copyright;/var/lib/dpkg/info/ncurses-bin.list;/var/lib/dpkg/info/ncurses-bin.md5sums;/var/lib/dpkg/status,accepted-risk,PaperWrench maintainer (@flowent59),2026-10-18T00:00:00Z,108
CVE-2025-69720,CVE-2025-69720,trivy,libncursesw6,6.5+20250216-2,debian,High,,accepted-risk,PaperWrench maintainer (@flowent59),2026-10-18T00:00:00Z,108
CVE-2025-69720,CVE-2025-69720,trivy,libtinfo6,6.5+20250216-2,debian,High,,accepted-risk,PaperWrench maintainer (@flowent59),2026-10-18T00:00:00Z,108
CVE-2025-69720,CVE-2025-69720,trivy,ncurses-base,6.5+20250216-2,debian,High,,accepted-risk,PaperWrench maintainer (@flowent59),2026-10-18T00:00:00Z,108
CVE-2025-69720,CVE-2025-69720,trivy,ncurses-bin,6.5+20250216-2,debian,High,,accepted-risk,PaperWrench maintainer (@flowent59),2026-10-18T00:00:00Z,108
CVE-2025-70873,CVE-2025-70873,grype,libsqlite3-0,3.46.1-7+deb13u2,deb,Negligible,/usr/share/doc/libsqlite3-0/copyright;/var/lib/dpkg/info/libsqlite3-0:amd64.md5sums;/var/lib/dpkg/status,code-not-shipped,PaperWrench maintainer (@flowent59),2026-10-18T00:00:00Z,108
CVE-2025-70873,CVE-2025-70873,trivy,libsqlite3-0,3.46.1-7+deb13u2,debian,Low,,code-not-shipped,PaperWrench maintainer (@flowent59),2026-10-18T00:00:00Z,108
CVE-2026-102010,CVE-2026-102010,grype,gcc-14-base,14.2.0-19,deb,High,/usr/share/doc/gcc-14-base/copyright;/var/lib/dpkg/info/gcc-14-base:amd64.md5sums;/var/lib/dpkg/status,accepted-risk,PaperWrench maintainer (@flowent59),2026-10-18T00:00:00Z,108
CVE-2026-102010,CVE-2026-102010,grype,libgcc-s1,14.2.0-19,deb,High,/usr/share/doc/gcc-14-base/copyright;/var/lib/dpkg/info/libgcc-s1:amd64.md5sums;/var/lib/dpkg/status,accepted-risk,PaperWrench maintainer (@flowent59),2026-10-18T00:00:00Z,108
CVE-2026-102010,CVE-2026-102010,grype,libstdc++6,14.2.0-19,deb,High,/usr/share/doc/gcc-14-base/copyright;/var/lib/dpkg/info/libstdc++6:amd64.md5sums;/var/lib/dpkg/status,accepted-risk,PaperWrench maintainer (@flowent59),2026-10-18T00:00:00Z,108
CVE-2026-102010,CVE-2026-102010,trivy,gcc-14-base,14.2.0-19,debian,Medium,,accepted-risk,PaperWrench maintainer (@flowent59),2026-10-18T00:00:00Z,108
CVE-2026-102010,CVE-2026-102010,trivy,libgcc-s1,14.2.0-19,debian,Medium,,accepted-risk,PaperWrench maintainer (@flowent59),2026-10-18T00:00:00Z,108
CVE-2026-102010,CVE-2026-102010,trivy,libstdc++6,14.2.0-19,debian,Medium,,accepted-risk,PaperWrench maintainer (@flowent59),2026-10-18T00:00:00Z,108
CVE-2026-102473,CVE-2026-102473,grype,dash,0.5.12-12,deb,Medium,/usr/share/doc/dash/copyright;/var/lib/dpkg/info/dash.list;/var/lib/dpkg/info/dash.md5sums;/var/lib/dpkg/info/dash.postinst;/var/lib/dpkg/info/dash.postrm;/var/lib/dpkg/info/dash.preinst;/var/lib/dpkg/info/dash.prerm;/var/lib/dpkg/info/dash.templates;/var/lib/dpkg/status,accepted-risk,PaperWrench maintainer (@flowent59),2026-10-18T00:00:00Z,108
CVE-2026-102473,CVE-2026-102473,trivy,dash,0.5.12-12,debian,Medium,,accepted-risk,PaperWrench maintainer (@flowent59),2026-10-18T00:00:00Z,108
CVE-2026-102474,CVE-2026-102474,grype,dash,0.5.12-12,deb,Negligible,/usr/share/doc/dash/copyright;/var/lib/dpkg/info/dash.list;/var/lib/dpkg/info/dash.md5sums;/var/lib/dpkg/info/dash.postinst;/var/lib/dpkg/info/dash.postrm;/var/lib/dpkg/info/dash.preinst;/var/lib/dpkg/info/dash.prerm;/var/lib/dpkg/info/dash.templates;/var/lib/dpkg/status,accepted-risk,PaperWrench maintainer (@flowent59),2026-10-18T00:00:00Z,108
CVE-2026-102474,CVE-2026-102474,trivy,dash,0.5.12-12,debian,Low,,accepted-risk,PaperWrench maintainer (@flowent59),2026-10-18T00:00:00Z,108
CVE-2026-12345,CVE-2026-12345,grype,python,3.11.17,binary,Medium,/usr/local/bin/python3.11;/usr/local/lib/libpython3.11.so.1.0,accepted-risk,PaperWrench maintainer (@flowent59),2026-10-18T00:00:00Z,107
CVE-2026-15059,CVE-2026-15059;GHSA-652q-wxr6-h5j6,grype,libsystemd0,257.13-1~deb13u1,deb,Medium,/usr/share/doc/libsystemd0/copyright;/var/lib/dpkg/info/libsystemd0:amd64.md5sums;/var/lib/dpkg/status,code-not-shipped,PaperWrench maintainer (@flowent59),2026-10-18T00:00:00Z,108
CVE-2026-15059,CVE-2026-15059;GHSA-652q-wxr6-h5j6,grype,libudev1,257.13-1~deb13u1,deb,Medium,/usr/share/doc/libudev1/copyright;/var/lib/dpkg/info/libudev1:amd64.md5sums;/var/lib/dpkg/status,code-not-shipped,PaperWrench maintainer (@flowent59),2026-10-18T00:00:00Z,108
CVE-2026-15059,CVE-2026-15059;GHSA-652q-wxr6-h5j6,trivy,libsystemd0,257.13-1~deb13u1,debian,Medium,,code-not-shipped,PaperWrench maintainer (@flowent59),2026-10-18T00:00:00Z,108
CVE-2026-15059,CVE-2026-15059;GHSA-652q-wxr6-h5j6,trivy,libudev1,257.13-1~deb13u1,debian,Medium,,code-not-shipped,PaperWrench maintainer (@flowent59),2026-10-18T00:00:00Z,108
CVE-2026-15534,CVE-2026-15534,grype,perl-base,5.40.1-6+deb13u1,deb,Medium,/usr/share/doc/perl-base/copyright;/var/lib/dpkg/info/perl-base.list;/var/lib/dpkg/info/perl-base.md5sums;/var/lib/dpkg/status,accepted-risk,PaperWrench maintainer (@flowent59),2026-10-18T00:00:00Z,108
CVE-2026-15534,CVE-2026-15534,trivy,perl-base,5.40.1-6+deb13u1,debian,Medium,,accepted-risk,PaperWrench maintainer (@flowent59),2026-10-18T00:00:00Z,108
CVE-2026-16742,CVE-2026-16742;GHSA-jm29-p7hh-vjhv,grype,libsystemd0,257.13-1~deb13u1,deb,Medium,/usr/share/doc/libsystemd0/copyright;/var/lib/dpkg/info/libsystemd0:amd64.md5sums;/var/lib/dpkg/status,code-not-shipped,PaperWrench maintainer (@flowent59),2026-10-18T00:00:00Z,108
CVE-2026-16742,CVE-2026-16742;GHSA-jm29-p7hh-vjhv,grype,libudev1,257.13-1~deb13u1,deb,Medium,/usr/share/doc/libudev1/copyright;/var/lib/dpkg/info/libudev1:amd64.md5sums;/var/lib/dpkg/status,code-not-shipped,PaperWrench maintainer (@flowent59),2026-10-18T00:00:00Z,108
CVE-2026-16742,CVE-2026-16742;GHSA-jm29-p7hh-vjhv,trivy,libsystemd0,257.13-1~deb13u1,debian,High,,code-not-shipped,PaperWrench maintainer (@flowent59),2026-10-18T00:00:00Z,108
CVE-2026-16742,CVE-2026-16742;GHSA-jm29-p7hh-vjhv,trivy,libudev1,257.13-1~deb13u1,debian,High,,code-not-shipped,PaperWrench maintainer (@flowent59),2026-10-18T00:00:00Z,108
CVE-2026-18374,CVE-2026-18374,grype,libc-bin,2.41-12+deb13u4,deb,Medium,/usr/share/doc/libc-bin/copyright;/var/lib/dpkg/info/libc-bin.conffiles;/var/lib/dpkg/info/libc-bin.list;/var/lib/dpkg/info/libc-bin.md5sums;/var/lib/dpkg/info/libc-bin.postinst;/var/lib/dpkg/info/libc-bin.triggers;/var/lib/dpkg/status,accepted-risk,PaperWrench maintainer (@flowent59),2026-10-18T00:00:00Z,108
CVE-2026-18374,CVE-2026-18374,grype,libc6,2.41-12+deb13u4,deb,Medium,/usr/share/doc/libc6/copyright;/var/lib/dpkg/info/libc6:amd64.conffiles;/var/lib/dpkg/info/libc6:amd64.md5sums;/var/lib/dpkg/status,accepted-risk,PaperWrench maintainer (@flowent59),2026-10-18T00:00:00Z,108
CVE-2026-18374,CVE-2026-18374,trivy,libc-bin,2.41-12+deb13u4,debian,Medium,,accepted-risk,PaperWrench maintainer (@flowent59),2026-10-18T00:00:00Z,108
CVE-2026-18374,CVE-2026-18374,trivy,libc6,2.41-12+deb13u4,debian,Medium,,accepted-risk,PaperWrench maintainer (@flowent59),2026-10-18T00:00:00Z,108
CVE-2026-18477,CVE-2026-18477,grype,tar,1.35+dfsg-3.1,deb,Medium,/usr/share/doc/tar/copyright;/var/lib/dpkg/info/tar.list;/var/lib/dpkg/info/tar.md5sums;/var/lib/dpkg/info/tar.postinst;/var/lib/dpkg/info/tar.prerm;/var/lib/dpkg/status,accepted-risk,PaperWrench maintainer (@flowent59),2026-10-18T00:00:00Z,108
CVE-2026-18477,CVE-2026-18477,trivy,tar,1.35+dfsg-3.1,debian,Medium,,accepted-risk,PaperWrench maintainer (@flowent59),2026-10-18T00:00:00Z,108
CVE-2026-18508,CVE-2026-18508,grype,tar,1.35+dfsg-3.1,deb,Medium,/usr/share/doc/tar/copyright;/var/lib/dpkg/info/tar.list;/var/lib/dpkg/info/tar.md5sums;/var/lib/dpkg/info/tar.postinst;/var/lib/dpkg/info/tar.prerm;/var/lib/dpkg/status,accepted-risk,PaperWrench maintainer (@flowent59),2026-10-18T00:00:00Z,108
CVE-2026-18508,CVE-2026-18508,trivy,tar,1.35+dfsg-3.1,debian,Medium,,accepted-risk,PaperWrench maintainer (@flowent59),2026-10-18T00:00:00Z,108
CVE-2026-19487,CVE-2026-19487,grype,perl-base,5.40.1-6+deb13u1,deb,Medium,/usr/share/doc/perl-base/copyright;/var/lib/dpkg/info/perl-base.list;/var/lib/dpkg/info/perl-base.md5sums;/var/lib/dpkg/status,accepted-risk,PaperWrench maintainer (@flowent59),2026-10-18T00:00:00Z,108
CVE-2026-19487,CVE-2026-19487,trivy,perl-base,5.40.1-6+deb13u1,debian,Medium,,accepted-risk,PaperWrench maintainer (@flowent59),2026-10-18T00:00:00Z,108
CVE-2026-19499,CVE-2026-19499,grype,libc-bin,2.41-12+deb13u4,deb,High,/usr/share/doc/libc-bin/copyright;/var/lib/dpkg/info/libc-bin.conffiles;/var/lib/dpkg/info/libc-bin.list;/var/lib/dpkg/info/libc-bin.md5sums;/var/lib/dpkg/info/libc-bin.postinst;/var/lib/dpkg/info/libc-bin.triggers;/var/lib/dpkg/status,accepted-risk,PaperWrench maintainer (@flowent59),2026-10-18T00:00:00Z,108
CVE-2026-19499,CVE-2026-19499,grype,libc6,2.41-12+deb13u4,deb,High,/usr/share/doc/libc6/copyright;/var/lib/dpkg/info/libc6:amd64.conffiles;/var/lib/dpkg/info/libc6:amd64.md5sums;/var/lib/dpkg/status,accepted-risk,PaperWrench maintainer (@flowent59),2026-10-18T00:00:00Z,108
CVE-2026-19499,CVE-2026-19499,trivy,libc-bin,2.41-12+deb13u4,debian,Medium,,accepted-risk,PaperWrench maintainer (@flowent59),2026-10-18T00:00:00Z,108
CVE-2026-19499,CVE-2026-19499,trivy,libc6,2.41-12+deb13u4,debian,Medium,,accepted-risk,PaperWrench maintainer (@flowent59),2026-10-18T00:00:00Z,108
CVE-2026-19542,CVE-2026-19542,grype,libc-bin,2.41-12+deb13u4,deb,Medium,/usr/share/doc/libc-bin/copyright;/var/lib/dpkg/info/libc-bin.conffiles;/var/lib/dpkg/info/libc-bin.list;/var/lib/dpkg/info/libc-bin.md5sums;/var/lib/dpkg/info/libc-bin.postinst;/var/lib/dpkg/info/libc-bin.triggers;/var/lib/dpkg/status,accepted-risk,PaperWrench maintainer (@flowent59),2026-10-18T00:00:00Z,108
CVE-2026-19542,CVE-2026-19542,grype,libc6,2.41-12+deb13u4,deb,Medium,/usr/share/doc/libc6/copyright;/var/lib/dpkg/info/libc6:amd64.conffiles;/var/lib/dpkg/info/libc6:amd64.md5sums;/var/lib/dpkg/status,accepted-risk,PaperWrench maintainer (@flowent59),2026-10-18T00:00:00Z,108
CVE-2026-19542,CVE-2026-19542,trivy,libc-bin,2.41-12+deb13u4,debian,Medium,,accepted-risk,PaperWrench maintainer (@flowent59),2026-10-18T00:00:00Z,108
CVE-2026-19542,CVE-2026-19542,trivy,libc6,2.41-12+deb13u4,debian,Medium,,accepted-risk,PaperWrench maintainer (@flowent59),2026-10-18T00:00:00Z,108
CVE-2026-27171,CVE-2026-27171,grype,zlib1g,1:1.3.dfsg+really1.3.1-1+b1,deb,Medium,/usr/share/doc/zlib1g/copyright;/var/lib/dpkg/info/zlib1g:amd64.md5sums;/var/lib/dpkg/status,accepted-risk,PaperWrench maintainer (@flowent59),2026-10-18T00:00:00Z,108
CVE-2026-27171,CVE-2026-27171,trivy,zlib1g,1:1.3.dfsg+really1.3.1-1+b1,debian,Medium,,accepted-risk,PaperWrench maintainer (@flowent59),2026-10-18T00:00:00Z,108
CVE-2026-3184,CVE-2026-3184,grype,bsdutils,1:2.41.5-0+deb13u1,deb,Medium,/usr/share/doc/bsdutils/copyright;/var/lib/dpkg/info/bsdutils.list;/var/lib/dpkg/info/bsdutils.md5sums;/var/lib/dpkg/status,accepted-risk,PaperWrench maintainer (@flowent59),2026-10-18T00:00:00Z,108
CVE-2026-3184,CVE-2026-3184,grype,libblkid1,2.41.5-0+deb13u1,deb,Medium,/usr/share/doc/libblkid1/copyright;/var/lib/dpkg/info/libblkid1:amd64.md5sums;/var/lib/dpkg/status,accepted-risk,PaperWrench maintainer (@flowent59),2026-10-18T00:00:00Z,108
CVE-2026-3184,CVE-2026-3184,grype,liblastlog2-2,2.41.5-0+deb13u1,deb,Medium,/usr/share/doc/liblastlog2-2/copyright;/var/lib/dpkg/info/liblastlog2-2:amd64.md5sums;/var/lib/dpkg/status,accepted-risk,PaperWrench maintainer (@flowent59),2026-10-18T00:00:00Z,108
CVE-2026-3184,CVE-2026-3184,grype,libmount1,2.41.5-0+deb13u1,deb,Medium,/usr/share/doc/libmount1/copyright;/var/lib/dpkg/info/libmount1:amd64.md5sums;/var/lib/dpkg/status,accepted-risk,PaperWrench maintainer (@flowent59),2026-10-18T00:00:00Z,108
CVE-2026-3184,CVE-2026-3184,grype,libsmartcols1,2.41.5-0+deb13u1,deb,Medium,/usr/share/doc/libsmartcols1/copyright;/var/lib/dpkg/info/libsmartcols1:amd64.md5sums;/var/lib/dpkg/status,accepted-risk,PaperWrench maintainer (@flowent59),2026-10-18T00:00:00Z,108
CVE-2026-3184,CVE-2026-3184,grype,libuuid1,2.41.5-0+deb13u1,deb,Medium,/usr/share/doc/libuuid1/copyright;/var/lib/dpkg/info/libuuid1:amd64.md5sums;/var/lib/dpkg/status,accepted-risk,PaperWrench maintainer (@flowent59),2026-10-18T00:00:00Z,108
CVE-2026-3184,CVE-2026-3184,grype,login,1:4.16.0-2+really2.41.5-0+deb13u1,deb,Medium,/usr/share/doc/login/copyright;/var/lib/dpkg/info/login.conffiles;/var/lib/dpkg/info/login.defs.conffiles;/var/lib/dpkg/info/login.defs.list;/var/lib/dpkg/info/login.defs.md5sums;/var/lib/dpkg/info/login.defs.postinst;/var/lib/dpkg/info/login.list;/var/lib/dpkg/info/login.md5sums;/var/lib/dpkg/info/login.postinst;/var/lib/dpkg/info/login.postrm;/var/lib/dpkg/info/login.preinst;/var/lib/dpkg/info/login.prerm;/var/lib/dpkg/status,accepted-risk,PaperWrench maintainer (@flowent59),2026-10-18T00:00:00Z,108
CVE-2026-3184,CVE-2026-3184,grype,mount,2.41.5-0+deb13u1,deb,Medium,/usr/share/doc/mount/copyright;/var/lib/dpkg/info/mount.list;/var/lib/dpkg/info/mount.md5sums;/var/lib/dpkg/status,accepted-risk,PaperWrench maintainer (@flowent59),2026-10-18T00:00:00Z,108
CVE-2026-3184,CVE-2026-3184,grype,util-linux,2.41.5-0+deb13u1,deb,Medium,/usr/share/doc/util-linux/copyright;/var/lib/dpkg/info/util-linux.conffiles;/var/lib/dpkg/info/util-linux.list;/var/lib/dpkg/info/util-linux.md5sums;/var/lib/dpkg/info/util-linux.postinst;/var/lib/dpkg/info/util-linux.postrm;/var/lib/dpkg/info/util-linux.prerm;/var/lib/dpkg/status,accepted-risk,PaperWrench maintainer (@flowent59),2026-10-18T00:00:00Z,108
CVE-2026-3184,CVE-2026-3184,trivy,bsdutils,1:2.41.5-0+deb13u1,debian,Medium,,accepted-risk,PaperWrench maintainer (@flowent59),2026-10-18T00:00:00Z,108
CVE-2026-3184,CVE-2026-3184,trivy,libblkid1,2.41.5-0+deb13u1,debian,Medium,,accepted-risk,PaperWrench maintainer (@flowent59),2026-10-18T00:00:00Z,108
CVE-2026-3184,CVE-2026-3184,trivy,liblastlog2-2,2.41.5-0+deb13u1,debian,Medium,,accepted-risk,PaperWrench maintainer (@flowent59),2026-10-18T00:00:00Z,108
CVE-2026-3184,CVE-2026-3184,trivy,libmount1,2.41.5-0+deb13u1,debian,Medium,,accepted-risk,PaperWrench maintainer (@flowent59),2026-10-18T00:00:00Z,108
CVE-2026-3184,CVE-2026-3184,trivy,libsmartcols1,2.41.5-0+deb13u1,debian,Medium,,accepted-risk,PaperWrench maintainer (@flowent59),2026-10-18T00:00:00Z,108
CVE-2026-3184,CVE-2026-3184,trivy,libuuid1,2.41.5-0+deb13u1,debian,Medium,,accepted-risk,PaperWrench maintainer (@flowent59),2026-10-18T00:00:00Z,108
CVE-2026-3184,CVE-2026-3184,trivy,login,1:4.16.0-2+really2.41.5-0+deb13u1,debian,Medium,,accepted-risk,PaperWrench maintainer (@flowent59),2026-10-18T00:00:00Z,108
CVE-2026-3184,CVE-2026-3184,trivy,mount,2.41.5-0+deb13u1,debian,Medium,,accepted-risk,PaperWrench maintainer (@flowent59),2026-10-18T00:00:00Z,108
CVE-2026-3184,CVE-2026-3184,trivy,util-linux,2.41.5-0+deb13u1,debian,Medium,,accepted-risk,PaperWrench maintainer (@flowent59),2026-10-18T00:00:00Z,108
CVE-2026-3446,CVE-2026-3446,grype,python,3.11.17,binary,Medium,/usr/local/bin/python3.11;/usr/local/lib/libpython3.11.so.1.0,accepted-risk,PaperWrench maintainer (@flowent59),2026-10-18T00:00:00Z,107
CVE-2026-3479,CVE-2026-3479,grype,python,3.11.17,binary,Negligible,/usr/local/bin/python3.11;/usr/local/lib/libpython3.11.so.1.0,accepted-risk,PaperWrench maintainer (@flowent59),2026-10-18T00:00:00Z,107
CVE-2026-40228,CVE-2026-40228,grype,libsystemd0,257.13-1~deb13u1,deb,Low,/usr/share/doc/libsystemd0/copyright;/var/lib/dpkg/info/libsystemd0:amd64.md5sums;/var/lib/dpkg/status,code-not-shipped,PaperWrench maintainer (@flowent59),2026-10-18T00:00:00Z,108
CVE-2026-40228,CVE-2026-40228,grype,libudev1,257.13-1~deb13u1,deb,Low,/usr/share/doc/libudev1/copyright;/var/lib/dpkg/info/libudev1:amd64.md5sums;/var/lib/dpkg/status,code-not-shipped,PaperWrench maintainer (@flowent59),2026-10-18T00:00:00Z,108
CVE-2026-40228,CVE-2026-40228,trivy,libsystemd0,257.13-1~deb13u1,debian,Low,,code-not-shipped,PaperWrench maintainer (@flowent59),2026-10-18T00:00:00Z,108
CVE-2026-40228,CVE-2026-40228,trivy,libudev1,257.13-1~deb13u1,debian,Low,,code-not-shipped,PaperWrench maintainer (@flowent59),2026-10-18T00:00:00Z,108
CVE-2026-42250,CVE-2026-42250,grype,libbz2-1.0,1.0.8-6,deb,Medium,/usr/share/doc/libbz2-1.0/copyright;/var/lib/dpkg/info/libbz2-1.0:amd64.md5sums;/var/lib/dpkg/status,code-not-shipped,PaperWrench maintainer (@flowent59),2026-10-18T00:00:00Z,108
CVE-2026-42250,CVE-2026-42250,trivy,libbz2-1.0,1.0.8-6,debian,Medium,,code-not-shipped,PaperWrench maintainer (@flowent59),2026-10-18T00:00:00Z,108
CVE-2026-50812,CVE-2026-50812,grype,libsqlite3-0,3.46.1-7+deb13u2,deb,Medium,/usr/share/doc/libsqlite3-0/copyright;/var/lib/dpkg/info/libsqlite3-0:amd64.md5sums;/var/lib/dpkg/status,code-not-shipped,PaperWrench maintainer (@flowent59),2026-10-18T00:00:00Z,108
CVE-2026-50812,CVE-2026-50812,trivy,libsqlite3-0,3.46.1-7+deb13u2,debian,Medium,,code-not-shipped,PaperWrench maintainer (@flowent59),2026-10-18T00:00:00Z,108
CVE-2026-50813,CVE-2026-50813,grype,libsqlite3-0,3.46.1-7+deb13u2,deb,Medium,/usr/share/doc/libsqlite3-0/copyright;/var/lib/dpkg/info/libsqlite3-0:amd64.md5sums;/var/lib/dpkg/status,accepted-risk,PaperWrench maintainer (@flowent59),2026-10-18T00:00:00Z,108
CVE-2026-50813,CVE-2026-50813,trivy,libsqlite3-0,3.46.1-7+deb13u2,debian,Medium,,accepted-risk,PaperWrench maintainer (@flowent59),2026-10-18T00:00:00Z,108
CVE-2026-53910,CVE-2026-53910,grype,diffutils,1:3.10-4,deb,Negligible,/usr/share/doc/diffutils/copyright;/var/lib/dpkg/info/diffutils.list;/var/lib/dpkg/info/diffutils.md5sums;/var/lib/dpkg/status,accepted-risk,PaperWrench maintainer (@flowent59),2026-10-18T00:00:00Z,108
CVE-2026-53910,CVE-2026-53910,trivy,diffutils,1:3.10-4,debian,Low,,accepted-risk,PaperWrench maintainer (@flowent59),2026-10-18T00:00:00Z,108
CVE-2026-5435,CVE-2026-5435,grype,libc-bin,2.41-12+deb13u4,deb,High,/usr/share/doc/libc-bin/copyright;/var/lib/dpkg/info/libc-bin.conffiles;/var/lib/dpkg/info/libc-bin.list;/var/lib/dpkg/info/libc-bin.md5sums;/var/lib/dpkg/info/libc-bin.postinst;/var/lib/dpkg/info/libc-bin.triggers;/var/lib/dpkg/status,accepted-risk,PaperWrench maintainer (@flowent59),2026-10-18T00:00:00Z,108
CVE-2026-5435,CVE-2026-5435,grype,libc6,2.41-12+deb13u4,deb,High,/usr/share/doc/libc6/copyright;/var/lib/dpkg/info/libc6:amd64.conffiles;/var/lib/dpkg/info/libc6:amd64.md5sums;/var/lib/dpkg/status,accepted-risk,PaperWrench maintainer (@flowent59),2026-10-18T00:00:00Z,108
CVE-2026-5435,CVE-2026-5435,trivy,libc-bin,2.41-12+deb13u4,debian,Medium,,accepted-risk,PaperWrench maintainer (@flowent59),2026-10-18T00:00:00Z,108
CVE-2026-5435,CVE-2026-5435,trivy,libc6,2.41-12+deb13u4,debian,Medium,,accepted-risk,PaperWrench maintainer (@flowent59),2026-10-18T00:00:00Z,108
CVE-2026-54369,CVE-2026-54369,grype,libacl1,2.3.2-2+b1,deb,High,/usr/share/doc/libacl1/copyright;/var/lib/dpkg/info/libacl1:amd64.md5sums;/var/lib/dpkg/status,accepted-risk,PaperWrench maintainer (@flowent59),2026-10-18T00:00:00Z,108
CVE-2026-54369,CVE-2026-54369,trivy,libacl1,2.3.2-2+b1,debian,High,,accepted-risk,PaperWrench maintainer (@flowent59),2026-10-18T00:00:00Z,108
CVE-2026-54370,CVE-2026-54370,grype,libacl1,2.3.2-2+b1,deb,High,/usr/share/doc/libacl1/copyright;/var/lib/dpkg/info/libacl1:amd64.md5sums;/var/lib/dpkg/status,code-not-shipped,PaperWrench maintainer (@flowent59),2026-10-18T00:00:00Z,108
CVE-2026-54370,CVE-2026-54370,trivy,libacl1,2.3.2-2+b1,debian,Medium,,code-not-shipped,PaperWrench maintainer (@flowent59),2026-10-18T00:00:00Z,108
CVE-2026-54371,CVE-2026-54371,grype,libattr1,1:2.5.2-3,deb,Medium,/usr/share/doc/libattr1/copyright;/var/lib/dpkg/info/libattr1:amd64.conffiles;/var/lib/dpkg/info/libattr1:amd64.md5sums;/var/lib/dpkg/status,code-not-shipped,PaperWrench maintainer (@flowent59),2026-10-18T00:00:00Z,108
CVE-2026-54371,CVE-2026-54371,trivy,libattr1,1:2.5.2-3,debian,Medium,,code-not-shipped,PaperWrench maintainer (@flowent59),2026-10-18T00:00:00Z,108
CVE-2026-54411,CVE-2026-54411,grype,libpam-modules,1.7.0-5,deb,Medium,/usr/share/doc/libpam-modules/copyright;/var/lib/dpkg/info/libpam-modules:amd64.conffiles;/var/lib/dpkg/info/libpam-modules:amd64.md5sums;/var/lib/dpkg/status,accepted-risk,PaperWrench maintainer (@flowent59),2026-10-18T00:00:00Z,108
CVE-2026-54411,CVE-2026-54411,grype,libpam-modules-bin,1.7.0-5,deb,Medium,/usr/share/doc/libpam-modules-bin/copyright;/var/lib/dpkg/info/libpam-modules-bin.list;/var/lib/dpkg/info/libpam-modules-bin.md5sums;/var/lib/dpkg/info/libpam-modules-bin.postinst;/var/lib/dpkg/info/libpam-modules-bin.postrm;/var/lib/dpkg/info/libpam-modules-bin.prerm;/var/lib/dpkg/status,accepted-risk,PaperWrench maintainer (@flowent59),2026-10-18T00:00:00Z,108
CVE-2026-54411,CVE-2026-54411,grype,libpam-runtime,1.7.0-5,deb,Medium,/usr/share/doc/libpam-runtime/copyright;/var/lib/dpkg/info/libpam-runtime.conffiles;/var/lib/dpkg/info/libpam-runtime.list;/var/lib/dpkg/info/libpam-runtime.md5sums;/var/lib/dpkg/info/libpam-runtime.postinst;/var/lib/dpkg/info/libpam-runtime.postrm;/var/lib/dpkg/info/libpam-runtime.prerm;/var/lib/dpkg/info/libpam-runtime.templates;/var/lib/dpkg/status,accepted-risk,PaperWrench maintainer (@flowent59),2026-10-18T00:00:00Z,108
CVE-2026-54411,CVE-2026-54411,grype,libpam0g,1.7.0-5,deb,Medium,/usr/share/doc/libpam0g/copyright;/var/lib/dpkg/info/libpam0g:amd64.md5sums;/var/lib/dpkg/status,accepted-risk,PaperWrench maintainer (@flowent59),2026-10-18T00:00:00Z,108
CVE-2026-54411,CVE-2026-54411,trivy,libpam-modules,1.7.0-5,debian,Medium,,accepted-risk,PaperWrench maintainer (@flowent59),2026-10-18T00:00:00Z,108
CVE-2026-54411,CVE-2026-54411,trivy,libpam-modules-bin,1.7.0-5,debian,Medium,,accepted-risk,PaperWrench maintainer (@flowent59),2026-10-18T00:00:00Z,108
CVE-2026-54411,CVE-2026-54411,trivy,libpam-runtime,1.7.0-5,debian,Medium,,accepted-risk,PaperWrench maintainer (@flowent59),2026-10-18T00:00:00Z,108
CVE-2026-54411,CVE-2026-54411,trivy,libpam0g,1.7.0-5,debian,Medium,,accepted-risk,PaperWrench maintainer (@flowent59),2026-10-18T00:00:00Z,108
CVE-2026-56391,CVE-2026-56391,grype,coreutils,9.7-3,deb,Negligible,/usr/share/doc/coreutils/copyright;/var/lib/dpkg/info/coreutils.list;/var/lib/dpkg/info/coreutils.md5sums;/var/lib/dpkg/status,accepted-risk,PaperWrench maintainer (@flowent59),2026-10-18T00:00:00Z,108
CVE-2026-56391,CVE-2026-56391,trivy,coreutils,9.7-3,debian,Low,,accepted-risk,PaperWrench maintainer (@flowent59),2026-10-18T00:00:00Z,108
CVE-2026-56392,CVE-2026-56392,grype,coreutils,9.7-3,deb,Negligible,/usr/share/doc/coreutils/copyright;/var/lib/dpkg/info/coreutils.list;/var/lib/dpkg/info/coreutils.md5sums;/var/lib/dpkg/status,accepted-risk,PaperWrench maintainer (@flowent59),2026-10-18T00:00:00Z,108
CVE-2026-56392,CVE-2026-56392,trivy,coreutils,9.7-3,debian,Low,,accepted-risk,PaperWrench maintainer (@flowent59),2026-10-18T00:00:00Z,108
CVE-2026-5704,CVE-2026-5704,grype,tar,1.35+dfsg-3.1,deb,Medium,/usr/share/doc/tar/copyright;/var/lib/dpkg/info/tar.list;/var/lib/dpkg/info/tar.md5sums;/var/lib/dpkg/info/tar.postinst;/var/lib/dpkg/info/tar.prerm;/var/lib/dpkg/status,accepted-risk,PaperWrench maintainer (@flowent59),2026-10-18T00:00:00Z,108
CVE-2026-5704,CVE-2026-5704,trivy,tar,1.35+dfsg-3.1,debian,Medium,,accepted-risk,PaperWrench maintainer (@flowent59),2026-10-18T00:00:00Z,108
CVE-2026-6019,CVE-2026-6019,grype,python,3.11.17,binary,Medium,/usr/local/bin/python3.11;/usr/local/lib/libpython3.11.so.1.0,accepted-risk,PaperWrench maintainer (@flowent59),2026-10-18T00:00:00Z,107
CVE-2026-6238,CVE-2026-6238,grype,libc-bin,2.41-12+deb13u4,deb,Medium,/usr/share/doc/libc-bin/copyright;/var/lib/dpkg/info/libc-bin.conffiles;/var/lib/dpkg/info/libc-bin.list;/var/lib/dpkg/info/libc-bin.md5sums;/var/lib/dpkg/info/libc-bin.postinst;/var/lib/dpkg/info/libc-bin.triggers;/var/lib/dpkg/status,accepted-risk,PaperWrench maintainer (@flowent59),2026-10-18T00:00:00Z,108
CVE-2026-6238,CVE-2026-6238,grype,libc6,2.41-12+deb13u4,deb,Medium,/usr/share/doc/libc6/copyright;/var/lib/dpkg/info/libc6:amd64.conffiles;/var/lib/dpkg/info/libc6:amd64.md5sums;/var/lib/dpkg/status,accepted-risk,PaperWrench maintainer (@flowent59),2026-10-18T00:00:00Z,108
CVE-2026-6238,CVE-2026-6238,trivy,libc-bin,2.41-12+deb13u4,debian,Medium,,accepted-risk,PaperWrench maintainer (@flowent59),2026-10-18T00:00:00Z,108
CVE-2026-6238,CVE-2026-6238,trivy,libc6,2.41-12+deb13u4,debian,Medium,,accepted-risk,PaperWrench maintainer (@flowent59),2026-10-18T00:00:00Z,108
CVE-2026-6368,CVE-2026-6368,grype,libc-bin,2.41-12+deb13u4,deb,Low,/usr/share/doc/libc-bin/copyright;/var/lib/dpkg/info/libc-bin.conffiles;/var/lib/dpkg/info/libc-bin.list;/var/lib/dpkg/info/libc-bin.md5sums;/var/lib/dpkg/info/libc-bin.postinst;/var/lib/dpkg/info/libc-bin.triggers;/var/lib/dpkg/status,accepted-risk,PaperWrench maintainer (@flowent59),2026-10-18T00:00:00Z,108
CVE-2026-6368,CVE-2026-6368,grype,libc6,2.41-12+deb13u4,deb,Low,/usr/share/doc/libc6/copyright;/var/lib/dpkg/info/libc6:amd64.conffiles;/var/lib/dpkg/info/libc6:amd64.md5sums;/var/lib/dpkg/status,accepted-risk,PaperWrench maintainer (@flowent59),2026-10-18T00:00:00Z,108
CVE-2026-6368,CVE-2026-6368,trivy,libc-bin,2.41-12+deb13u4,debian,Medium,,accepted-risk,PaperWrench maintainer (@flowent59),2026-10-18T00:00:00Z,108
CVE-2026-6368,CVE-2026-6368,trivy,libc6,2.41-12+deb13u4,debian,Medium,,accepted-risk,PaperWrench maintainer (@flowent59),2026-10-18T00:00:00Z,108
CVE-2026-6791,CVE-2026-6791,grype,libc-bin,2.41-12+deb13u4,deb,Medium,/usr/share/doc/libc-bin/copyright;/var/lib/dpkg/info/libc-bin.conffiles;/var/lib/dpkg/info/libc-bin.list;/var/lib/dpkg/info/libc-bin.md5sums;/var/lib/dpkg/info/libc-bin.postinst;/var/lib/dpkg/info/libc-bin.triggers;/var/lib/dpkg/status,accepted-risk,PaperWrench maintainer (@flowent59),2026-10-18T00:00:00Z,108
CVE-2026-6791,CVE-2026-6791,grype,libc6,2.41-12+deb13u4,deb,Medium,/usr/share/doc/libc6/copyright;/var/lib/dpkg/info/libc6:amd64.conffiles;/var/lib/dpkg/info/libc6:amd64.md5sums;/var/lib/dpkg/status,accepted-risk,PaperWrench maintainer (@flowent59),2026-10-18T00:00:00Z,108
CVE-2026-6791,CVE-2026-6791,trivy,libc-bin,2.41-12+deb13u4,debian,Medium,,accepted-risk,PaperWrench maintainer (@flowent59),2026-10-18T00:00:00Z,108
CVE-2026-6791,CVE-2026-6791,trivy,libc6,2.41-12+deb13u4,debian,Medium,,accepted-risk,PaperWrench maintainer (@flowent59),2026-10-18T00:00:00Z,108
CVE-2026-76642,CVE-2026-76642;GHSA-m25x-3hj9-m26f,grype,bsdutils,1:2.41.5-0+deb13u1,deb,High,/usr/share/doc/bsdutils/copyright;/var/lib/dpkg/info/bsdutils.list;/var/lib/dpkg/info/bsdutils.md5sums;/var/lib/dpkg/status,mitigated,PaperWrench maintainer (@flowent59),2026-10-18T00:00:00Z,108
CVE-2026-76642,CVE-2026-76642;GHSA-m25x-3hj9-m26f,grype,libblkid1,2.41.5-0+deb13u1,deb,High,/usr/share/doc/libblkid1/copyright;/var/lib/dpkg/info/libblkid1:amd64.md5sums;/var/lib/dpkg/status,mitigated,PaperWrench maintainer (@flowent59),2026-10-18T00:00:00Z,108
CVE-2026-76642,CVE-2026-76642;GHSA-m25x-3hj9-m26f,grype,liblastlog2-2,2.41.5-0+deb13u1,deb,High,/usr/share/doc/liblastlog2-2/copyright;/var/lib/dpkg/info/liblastlog2-2:amd64.md5sums;/var/lib/dpkg/status,mitigated,PaperWrench maintainer (@flowent59),2026-10-18T00:00:00Z,108
CVE-2026-76642,CVE-2026-76642;GHSA-m25x-3hj9-m26f,grype,libmount1,2.41.5-0+deb13u1,deb,High,/usr/share/doc/libmount1/copyright;/var/lib/dpkg/info/libmount1:amd64.md5sums;/var/lib/dpkg/status,mitigated,PaperWrench maintainer (@flowent59),2026-10-18T00:00:00Z,108
CVE-2026-76642,CVE-2026-76642;GHSA-m25x-3hj9-m26f,grype,libsmartcols1,2.41.5-0+deb13u1,deb,High,/usr/share/doc/libsmartcols1/copyright;/var/lib/dpkg/info/libsmartcols1:amd64.md5sums;/var/lib/dpkg/status,mitigated,PaperWrench maintainer (@flowent59),2026-10-18T00:00:00Z,108
CVE-2026-76642,CVE-2026-76642;GHSA-m25x-3hj9-m26f,grype,libuuid1,2.41.5-0+deb13u1,deb,High,/usr/share/doc/libuuid1/copyright;/var/lib/dpkg/info/libuuid1:amd64.md5sums;/var/lib/dpkg/status,mitigated,PaperWrench maintainer (@flowent59),2026-10-18T00:00:00Z,108
CVE-2026-76642,CVE-2026-76642;GHSA-m25x-3hj9-m26f,grype,login,1:4.16.0-2+really2.41.5-0+deb13u1,deb,High,/usr/share/doc/login/copyright;/var/lib/dpkg/info/login.conffiles;/var/lib/dpkg/info/login.defs.conffiles;/var/lib/dpkg/info/login.defs.list;/var/lib/dpkg/info/login.defs.md5sums;/var/lib/dpkg/info/login.defs.postinst;/var/lib/dpkg/info/login.list;/var/lib/dpkg/info/login.md5sums;/var/lib/dpkg/info/login.postinst;/var/lib/dpkg/info/login.postrm;/var/lib/dpkg/info/login.preinst;/var/lib/dpkg/info/login.prerm;/var/lib/dpkg/status,mitigated,PaperWrench maintainer (@flowent59),2026-10-18T00:00:00Z,108
CVE-2026-76642,CVE-2026-76642;GHSA-m25x-3hj9-m26f,grype,mount,2.41.5-0+deb13u1,deb,High,/usr/share/doc/mount/copyright;/var/lib/dpkg/info/mount.list;/var/lib/dpkg/info/mount.md5sums;/var/lib/dpkg/status,mitigated,PaperWrench maintainer (@flowent59),2026-10-18T00:00:00Z,108
CVE-2026-76642,CVE-2026-76642;GHSA-m25x-3hj9-m26f,grype,util-linux,2.41.5-0+deb13u1,deb,High,/usr/share/doc/util-linux/copyright;/var/lib/dpkg/info/util-linux.conffiles;/var/lib/dpkg/info/util-linux.list;/var/lib/dpkg/info/util-linux.md5sums;/var/lib/dpkg/info/util-linux.postinst;/var/lib/dpkg/info/util-linux.postrm;/var/lib/dpkg/info/util-linux.prerm;/var/lib/dpkg/status,mitigated,PaperWrench maintainer (@flowent59),2026-10-18T00:00:00Z,108
CVE-2026-76642,CVE-2026-76642;GHSA-m25x-3hj9-m26f,trivy,bsdutils,1:2.41.5-0+deb13u1,debian,High,,mitigated,PaperWrench maintainer (@flowent59),2026-10-18T00:00:00Z,108
CVE-2026-76642,CVE-2026-76642;GHSA-m25x-3hj9-m26f,trivy,libblkid1,2.41.5-0+deb13u1,debian,High,,mitigated,PaperWrench maintainer (@flowent59),2026-10-18T00:00:00Z,108
CVE-2026-76642,CVE-2026-76642;GHSA-m25x-3hj9-m26f,trivy,liblastlog2-2,2.41.5-0+deb13u1,debian,High,,mitigated,PaperWrench maintainer (@flowent59),2026-10-18T00:00:00Z,108
CVE-2026-76642,CVE-2026-76642;GHSA-m25x-3hj9-m26f,trivy,libmount1,2.41.5-0+deb13u1,debian,High,,mitigated,PaperWrench maintainer (@flowent59),2026-10-18T00:00:00Z,108
CVE-2026-76642,CVE-2026-76642;GHSA-m25x-3hj9-m26f,trivy,libsmartcols1,2.41.5-0+deb13u1,debian,High,,mitigated,PaperWrench maintainer (@flowent59),2026-10-18T00:00:00Z,108
CVE-2026-76642,CVE-2026-76642;GHSA-m25x-3hj9-m26f,trivy,libuuid1,2.41.5-0+deb13u1,debian,High,,mitigated,PaperWrench maintainer (@flowent59),2026-10-18T00:00:00Z,108
CVE-2026-76642,CVE-2026-76642;GHSA-m25x-3hj9-m26f,trivy,login,1:4.16.0-2+really2.41.5-0+deb13u1,debian,High,,mitigated,PaperWrench maintainer (@flowent59),2026-10-18T00:00:00Z,108
CVE-2026-76642,CVE-2026-76642;GHSA-m25x-3hj9-m26f,trivy,mount,2.41.5-0+deb13u1,debian,High,,mitigated,PaperWrench maintainer (@flowent59),2026-10-18T00:00:00Z,108
CVE-2026-76642,CVE-2026-76642;GHSA-m25x-3hj9-m26f,trivy,util-linux,2.41.5-0+deb13u1,debian,High,,mitigated,PaperWrench maintainer (@flowent59),2026-10-18T00:00:00Z,108
CVE-2026-77117,CVE-2026-77117,grype,libc-bin,2.41-12+deb13u4,deb,Medium,/usr/share/doc/libc-bin/copyright;/var/lib/dpkg/info/libc-bin.conffiles;/var/lib/dpkg/info/libc-bin.list;/var/lib/dpkg/info/libc-bin.md5sums;/var/lib/dpkg/info/libc-bin.postinst;/var/lib/dpkg/info/libc-bin.triggers;/var/lib/dpkg/status,accepted-risk,PaperWrench maintainer (@flowent59),2026-10-18T00:00:00Z,108
CVE-2026-77117,CVE-2026-77117,grype,libc6,2.41-12+deb13u4,deb,Medium,/usr/share/doc/libc6/copyright;/var/lib/dpkg/info/libc6:amd64.conffiles;/var/lib/dpkg/info/libc6:amd64.md5sums;/var/lib/dpkg/status,accepted-risk,PaperWrench maintainer (@flowent59),2026-10-18T00:00:00Z,108
CVE-2026-77117,CVE-2026-77117,trivy,libc-bin,2.41-12+deb13u4,debian,Medium,,accepted-risk,PaperWrench maintainer (@flowent59),2026-10-18T00:00:00Z,108
CVE-2026-77117,CVE-2026-77117,trivy,libc6,2.41-12+deb13u4,debian,Medium,,accepted-risk,PaperWrench maintainer (@flowent59),2026-10-18T00:00:00Z,108
CVE-2026-78408,CVE-2026-78408;GHSA-55fx-f4gg-cfhj,grype,bsdutils,1:2.41.5-0+deb13u1,deb,High,/usr/share/doc/bsdutils/copyright;/var/lib/dpkg/info/bsdutils.list;/var/lib/dpkg/info/bsdutils.md5sums;/var/lib/dpkg/status,accepted-risk,PaperWrench maintainer (@flowent59),2026-10-18T00:00:00Z,108
CVE-2026-78408,CVE-2026-78408;GHSA-55fx-f4gg-cfhj,grype,libblkid1,2.41.5-0+deb13u1,deb,High,/usr/share/doc/libblkid1/copyright;/var/lib/dpkg/info/libblkid1:amd64.md5sums;/var/lib/dpkg/status,accepted-risk,PaperWrench maintainer (@flowent59),2026-10-18T00:00:00Z,108
CVE-2026-78408,CVE-2026-78408;GHSA-55fx-f4gg-cfhj,grype,liblastlog2-2,2.41.5-0+deb13u1,deb,High,/usr/share/doc/liblastlog2-2/copyright;/var/lib/dpkg/info/liblastlog2-2:amd64.md5sums;/var/lib/dpkg/status,accepted-risk,PaperWrench maintainer (@flowent59),2026-10-18T00:00:00Z,108
CVE-2026-78408,CVE-2026-78408;GHSA-55fx-f4gg-cfhj,grype,libmount1,2.41.5-0+deb13u1,deb,High,/usr/share/doc/libmount1/copyright;/var/lib/dpkg/info/libmount1:amd64.md5sums;/var/lib/dpkg/status,accepted-risk,PaperWrench maintainer (@flowent59),2026-10-18T00:00:00Z,108
CVE-2026-78408,CVE-2026-78408;GHSA-55fx-f4gg-cfhj,grype,libsmartcols1,2.41.5-0+deb13u1,deb,High,/usr/share/doc/libsmartcols1/copyright;/var/lib/dpkg/info/libsmartcols1:amd64.md5sums;/var/lib/dpkg/status,accepted-risk,PaperWrench maintainer (@flowent59),2026-10-18T00:00:00Z,108
CVE-2026-78408,CVE-2026-78408;GHSA-55fx-f4gg-cfhj,grype,libuuid1,2.41.5-0+deb13u1,deb,High,/usr/share/doc/libuuid1/copyright;/var/lib/dpkg/info/libuuid1:amd64.md5sums;/var/lib/dpkg/status,accepted-risk,PaperWrench maintainer (@flowent59),2026-10-18T00:00:00Z,108
CVE-2026-78408,CVE-2026-78408;GHSA-55fx-f4gg-cfhj,grype,login,1:4.16.0-2+really2.41.5-0+deb13u1,deb,High,/usr/share/doc/login/copyright;/var/lib/dpkg/info/login.conffiles;/var/lib/dpkg/info/login.defs.conffiles;/var/lib/dpkg/info/login.defs.list;/var/lib/dpkg/info/login.defs.md5sums;/var/lib/dpkg/info/login.defs.postinst;/var/lib/dpkg/info/login.list;/var/lib/dpkg/info/login.md5sums;/var/lib/dpkg/info/login.postinst;/var/lib/dpkg/info/login.postrm;/var/lib/dpkg/info/login.preinst;/var/lib/dpkg/info/login.prerm;/var/lib/dpkg/status,accepted-risk,PaperWrench maintainer (@flowent59),2026-10-18T00:00:00Z,108
CVE-2026-78408,CVE-2026-78408;GHSA-55fx-f4gg-cfhj,grype,mount,2.41.5-0+deb13u1,deb,High,/usr/share/doc/mount/copyright;/var/lib/dpkg/info/mount.list;/var/lib/dpkg/info/mount.md5sums;/var/lib/dpkg/status,accepted-risk,PaperWrench maintainer (@flowent59),2026-10-18T00:00:00Z,108
CVE-2026-78408,CVE-2026-78408;GHSA-55fx-f4gg-cfhj,grype,util-linux,2.41.5-0+deb13u1,deb,High,/usr/share/doc/util-linux/copyright;/var/lib/dpkg/info/util-linux.conffiles;/var/lib/dpkg/info/util-linux.list;/var/lib/dpkg/info/util-linux.md5sums;/var/lib/dpkg/info/util-linux.postinst;/var/lib/dpkg/info/util-linux.postrm;/var/lib/dpkg/info/util-linux.prerm;/var/lib/dpkg/status,accepted-risk,PaperWrench maintainer (@flowent59),2026-10-18T00:00:00Z,108
CVE-2026-78408,CVE-2026-78408;GHSA-55fx-f4gg-cfhj,trivy,bsdutils,1:2.41.5-0+deb13u1,debian,High,,accepted-risk,PaperWrench maintainer (@flowent59),2026-10-18T00:00:00Z,108
CVE-2026-78408,CVE-2026-78408;GHSA-55fx-f4gg-cfhj,trivy,libblkid1,2.41.5-0+deb13u1,debian,High,,accepted-risk,PaperWrench maintainer (@flowent59),2026-10-18T00:00:00Z,108
CVE-2026-78408,CVE-2026-78408;GHSA-55fx-f4gg-cfhj,trivy,liblastlog2-2,2.41.5-0+deb13u1,debian,High,,accepted-risk,PaperWrench maintainer (@flowent59),2026-10-18T00:00:00Z,108
CVE-2026-78408,CVE-2026-78408;GHSA-55fx-f4gg-cfhj,trivy,libmount1,2.41.5-0+deb13u1,debian,High,,accepted-risk,PaperWrench maintainer (@flowent59),2026-10-18T00:00:00Z,108
CVE-2026-78408,CVE-2026-78408;GHSA-55fx-f4gg-cfhj,trivy,libsmartcols1,2.41.5-0+deb13u1,debian,High,,accepted-risk,PaperWrench maintainer (@flowent59),2026-10-18T00:00:00Z,108
CVE-2026-78408,CVE-2026-78408;GHSA-55fx-f4gg-cfhj,trivy,libuuid1,2.41.5-0+deb13u1,debian,High,,accepted-risk,PaperWrench maintainer (@flowent59),2026-10-18T00:00:00Z,108
CVE-2026-78408,CVE-2026-78408;GHSA-55fx-f4gg-cfhj,trivy,login,1:4.16.0-2+really2.41.5-0+deb13u1,debian,High,,accepted-risk,PaperWrench maintainer (@flowent59),2026-10-18T00:00:00Z,108
CVE-2026-78408,CVE-2026-78408;GHSA-55fx-f4gg-cfhj,trivy,mount,2.41.5-0+deb13u1,debian,High,,accepted-risk,PaperWrench maintainer (@flowent59),2026-10-18T00:00:00Z,108
CVE-2026-78408,CVE-2026-78408;GHSA-55fx-f4gg-cfhj,trivy,util-linux,2.41.5-0+deb13u1,debian,High,,accepted-risk,PaperWrench maintainer (@flowent59),2026-10-18T00:00:00Z,108
CVE-2026-78409,CVE-2026-78409;GHSA-8f2p-47x3-43mv,grype,bsdutils,1:2.41.5-0+deb13u1,deb,High,/usr/share/doc/bsdutils/copyright;/var/lib/dpkg/info/bsdutils.list;/var/lib/dpkg/info/bsdutils.md5sums;/var/lib/dpkg/status,mitigated,PaperWrench maintainer (@flowent59),2026-10-18T00:00:00Z,108
CVE-2026-78409,CVE-2026-78409;GHSA-8f2p-47x3-43mv,grype,libblkid1,2.41.5-0+deb13u1,deb,High,/usr/share/doc/libblkid1/copyright;/var/lib/dpkg/info/libblkid1:amd64.md5sums;/var/lib/dpkg/status,mitigated,PaperWrench maintainer (@flowent59),2026-10-18T00:00:00Z,108
CVE-2026-78409,CVE-2026-78409;GHSA-8f2p-47x3-43mv,grype,liblastlog2-2,2.41.5-0+deb13u1,deb,High,/usr/share/doc/liblastlog2-2/copyright;/var/lib/dpkg/info/liblastlog2-2:amd64.md5sums;/var/lib/dpkg/status,mitigated,PaperWrench maintainer (@flowent59),2026-10-18T00:00:00Z,108
CVE-2026-78409,CVE-2026-78409;GHSA-8f2p-47x3-43mv,grype,libmount1,2.41.5-0+deb13u1,deb,High,/usr/share/doc/libmount1/copyright;/var/lib/dpkg/info/libmount1:amd64.md5sums;/var/lib/dpkg/status,mitigated,PaperWrench maintainer (@flowent59),2026-10-18T00:00:00Z,108
CVE-2026-78409,CVE-2026-78409;GHSA-8f2p-47x3-43mv,grype,libsmartcols1,2.41.5-0+deb13u1,deb,High,/usr/share/doc/libsmartcols1/copyright;/var/lib/dpkg/info/libsmartcols1:amd64.md5sums;/var/lib/dpkg/status,mitigated,PaperWrench maintainer (@flowent59),2026-10-18T00:00:00Z,108
CVE-2026-78409,CVE-2026-78409;GHSA-8f2p-47x3-43mv,grype,libuuid1,2.41.5-0+deb13u1,deb,High,/usr/share/doc/libuuid1/copyright;/var/lib/dpkg/info/libuuid1:amd64.md5sums;/var/lib/dpkg/status,mitigated,PaperWrench maintainer (@flowent59),2026-10-18T00:00:00Z,108
CVE-2026-78409,CVE-2026-78409;GHSA-8f2p-47x3-43mv,grype,login,1:4.16.0-2+really2.41.5-0+deb13u1,deb,High,/usr/share/doc/login/copyright;/var/lib/dpkg/info/login.conffiles;/var/lib/dpkg/info/login.defs.conffiles;/var/lib/dpkg/info/login.defs.list;/var/lib/dpkg/info/login.defs.md5sums;/var/lib/dpkg/info/login.defs.postinst;/var/lib/dpkg/info/login.list;/var/lib/dpkg/info/login.md5sums;/var/lib/dpkg/info/login.postinst;/var/lib/dpkg/info/login.postrm;/var/lib/dpkg/info/login.preinst;/var/lib/dpkg/info/login.prerm;/var/lib/dpkg/status,mitigated,PaperWrench maintainer (@flowent59),2026-10-18T00:00:00Z,108
CVE-2026-78409,CVE-2026-78409;GHSA-8f2p-47x3-43mv,grype,mount,2.41.5-0+deb13u1,deb,High,/usr/share/doc/mount/copyright;/var/lib/dpkg/info/mount.list;/var/lib/dpkg/info/mount.md5sums;/var/lib/dpkg/status,mitigated,PaperWrench maintainer (@flowent59),2026-10-18T00:00:00Z,108
CVE-2026-78409,CVE-2026-78409;GHSA-8f2p-47x3-43mv,grype,util-linux,2.41.5-0+deb13u1,deb,High,/usr/share/doc/util-linux/copyright;/var/lib/dpkg/info/util-linux.conffiles;/var/lib/dpkg/info/util-linux.list;/var/lib/dpkg/info/util-linux.md5sums;/var/lib/dpkg/info/util-linux.postinst;/var/lib/dpkg/info/util-linux.postrm;/var/lib/dpkg/info/util-linux.prerm;/var/lib/dpkg/status,mitigated,PaperWrench maintainer (@flowent59),2026-10-18T00:00:00Z,108
CVE-2026-78409,CVE-2026-78409;GHSA-8f2p-47x3-43mv,trivy,bsdutils,1:2.41.5-0+deb13u1,debian,High,,mitigated,PaperWrench maintainer (@flowent59),2026-10-18T00:00:00Z,108
CVE-2026-78409,CVE-2026-78409;GHSA-8f2p-47x3-43mv,trivy,libblkid1,2.41.5-0+deb13u1,debian,High,,mitigated,PaperWrench maintainer (@flowent59),2026-10-18T00:00:00Z,108
CVE-2026-78409,CVE-2026-78409;GHSA-8f2p-47x3-43mv,trivy,liblastlog2-2,2.41.5-0+deb13u1,debian,High,,mitigated,PaperWrench maintainer (@flowent59),2026-10-18T00:00:00Z,108
CVE-2026-78409,CVE-2026-78409;GHSA-8f2p-47x3-43mv,trivy,libmount1,2.41.5-0+deb13u1,debian,High,,mitigated,PaperWrench maintainer (@flowent59),2026-10-18T00:00:00Z,108
CVE-2026-78409,CVE-2026-78409;GHSA-8f2p-47x3-43mv,trivy,libsmartcols1,2.41.5-0+deb13u1,debian,High,,mitigated,PaperWrench maintainer (@flowent59),2026-10-18T00:00:00Z,108
CVE-2026-78409,CVE-2026-78409;GHSA-8f2p-47x3-43mv,trivy,libuuid1,2.41.5-0+deb13u1,debian,High,,mitigated,PaperWrench maintainer (@flowent59),2026-10-18T00:00:00Z,108
CVE-2026-78409,CVE-2026-78409;GHSA-8f2p-47x3-43mv,trivy,login,1:4.16.0-2+really2.41.5-0+deb13u1,debian,High,,mitigated,PaperWrench maintainer (@flowent59),2026-10-18T00:00:00Z,108
CVE-2026-78409,CVE-2026-78409;GHSA-8f2p-47x3-43mv,trivy,mount,2.41.5-0+deb13u1,debian,High,,mitigated,PaperWrench maintainer (@flowent59),2026-10-18T00:00:00Z,108
CVE-2026-78409,CVE-2026-78409;GHSA-8f2p-47x3-43mv,trivy,util-linux,2.41.5-0+deb13u1,debian,High,,mitigated,PaperWrench maintainer (@flowent59),2026-10-18T00:00:00Z,108
CVE-2026-78410,CVE-2026-78410;GHSA-rh77-686x-2f2m,grype,bsdutils,1:2.41.5-0+deb13u1,deb,High,/usr/share/doc/bsdutils/copyright;/var/lib/dpkg/info/bsdutils.list;/var/lib/dpkg/info/bsdutils.md5sums;/var/lib/dpkg/status,mitigated,PaperWrench maintainer (@flowent59),2026-10-18T00:00:00Z,108
CVE-2026-78410,CVE-2026-78410;GHSA-rh77-686x-2f2m,grype,libblkid1,2.41.5-0+deb13u1,deb,High,/usr/share/doc/libblkid1/copyright;/var/lib/dpkg/info/libblkid1:amd64.md5sums;/var/lib/dpkg/status,mitigated,PaperWrench maintainer (@flowent59),2026-10-18T00:00:00Z,108
CVE-2026-78410,CVE-2026-78410;GHSA-rh77-686x-2f2m,grype,liblastlog2-2,2.41.5-0+deb13u1,deb,High,/usr/share/doc/liblastlog2-2/copyright;/var/lib/dpkg/info/liblastlog2-2:amd64.md5sums;/var/lib/dpkg/status,mitigated,PaperWrench maintainer (@flowent59),2026-10-18T00:00:00Z,108
CVE-2026-78410,CVE-2026-78410;GHSA-rh77-686x-2f2m,grype,libmount1,2.41.5-0+deb13u1,deb,High,/usr/share/doc/libmount1/copyright;/var/lib/dpkg/info/libmount1:amd64.md5sums;/var/lib/dpkg/status,mitigated,PaperWrench maintainer (@flowent59),2026-10-18T00:00:00Z,108
CVE-2026-78410,CVE-2026-78410;GHSA-rh77-686x-2f2m,grype,libsmartcols1,2.41.5-0+deb13u1,deb,High,/usr/share/doc/libsmartcols1/copyright;/var/lib/dpkg/info/libsmartcols1:amd64.md5sums;/var/lib/dpkg/status,mitigated,PaperWrench maintainer (@flowent59),2026-10-18T00:00:00Z,108
CVE-2026-78410,CVE-2026-78410;GHSA-rh77-686x-2f2m,grype,libuuid1,2.41.5-0+deb13u1,deb,High,/usr/share/doc/libuuid1/copyright;/var/lib/dpkg/info/libuuid1:amd64.md5sums;/var/lib/dpkg/status,mitigated,PaperWrench maintainer (@flowent59),2026-10-18T00:00:00Z,108
CVE-2026-78410,CVE-2026-78410;GHSA-rh77-686x-2f2m,grype,login,1:4.16.0-2+really2.41.5-0+deb13u1,deb,High,/usr/share/doc/login/copyright;/var/lib/dpkg/info/login.conffiles;/var/lib/dpkg/info/login.defs.conffiles;/var/lib/dpkg/info/login.defs.list;/var/lib/dpkg/info/login.defs.md5sums;/var/lib/dpkg/info/login.defs.postinst;/var/lib/dpkg/info/login.list;/var/lib/dpkg/info/login.md5sums;/var/lib/dpkg/info/login.postinst;/var/lib/dpkg/info/login.postrm;/var/lib/dpkg/info/login.preinst;/var/lib/dpkg/info/login.prerm;/var/lib/dpkg/status,mitigated,PaperWrench maintainer (@flowent59),2026-10-18T00:00:00Z,108
CVE-2026-78410,CVE-2026-78410;GHSA-rh77-686x-2f2m,grype,mount,2.41.5-0+deb13u1,deb,High,/usr/share/doc/mount/copyright;/var/lib/dpkg/info/mount.list;/var/lib/dpkg/info/mount.md5sums;/var/lib/dpkg/status,mitigated,PaperWrench maintainer (@flowent59),2026-10-18T00:00:00Z,108
CVE-2026-78410,CVE-2026-78410;GHSA-rh77-686x-2f2m,grype,util-linux,2.41.5-0+deb13u1,deb,High,/usr/share/doc/util-linux/copyright;/var/lib/dpkg/info/util-linux.conffiles;/var/lib/dpkg/info/util-linux.list;/var/lib/dpkg/info/util-linux.md5sums;/var/lib/dpkg/info/util-linux.postinst;/var/lib/dpkg/info/util-linux.postrm;/var/lib/dpkg/info/util-linux.prerm;/var/lib/dpkg/status,mitigated,PaperWrench maintainer (@flowent59),2026-10-18T00:00:00Z,108
CVE-2026-78410,CVE-2026-78410;GHSA-rh77-686x-2f2m,trivy,bsdutils,1:2.41.5-0+deb13u1,debian,High,,mitigated,PaperWrench maintainer (@flowent59),2026-10-18T00:00:00Z,108
CVE-2026-78410,CVE-2026-78410;GHSA-rh77-686x-2f2m,trivy,libblkid1,2.41.5-0+deb13u1,debian,High,,mitigated,PaperWrench maintainer (@flowent59),2026-10-18T00:00:00Z,108
CVE-2026-78410,CVE-2026-78410;GHSA-rh77-686x-2f2m,trivy,liblastlog2-2,2.41.5-0+deb13u1,debian,High,,mitigated,PaperWrench maintainer (@flowent59),2026-10-18T00:00:00Z,108
CVE-2026-78410,CVE-2026-78410;GHSA-rh77-686x-2f2m,trivy,libmount1,2.41.5-0+deb13u1,debian,High,,mitigated,PaperWrench maintainer (@flowent59),2026-10-18T00:00:00Z,108
CVE-2026-78410,CVE-2026-78410;GHSA-rh77-686x-2f2m,trivy,libsmartcols1,2.41.5-0+deb13u1,debian,High,,mitigated,PaperWrench maintainer (@flowent59),2026-10-18T00:00:00Z,108
CVE-2026-78410,CVE-2026-78410;GHSA-rh77-686x-2f2m,trivy,libuuid1,2.41.5-0+deb13u1,debian,High,,mitigated,PaperWrench maintainer (@flowent59),2026-10-18T00:00:00Z,108
CVE-2026-78410,CVE-2026-78410;GHSA-rh77-686x-2f2m,trivy,login,1:4.16.0-2+really2.41.5-0+deb13u1,debian,High,,mitigated,PaperWrench maintainer (@flowent59),2026-10-18T00:00:00Z,108
CVE-2026-78410,CVE-2026-78410;GHSA-rh77-686x-2f2m,trivy,mount,2.41.5-0+deb13u1,debian,High,,mitigated,PaperWrench maintainer (@flowent59),2026-10-18T00:00:00Z,108
CVE-2026-78410,CVE-2026-78410;GHSA-rh77-686x-2f2m,trivy,util-linux,2.41.5-0+deb13u1,debian,High,,mitigated,PaperWrench maintainer (@flowent59),2026-10-18T00:00:00Z,108
CVE-2026-80489,CVE-2026-80489,grype,libc-bin,2.41-12+deb13u4,deb,Medium,/usr/share/doc/libc-bin/copyright;/var/lib/dpkg/info/libc-bin.conffiles;/var/lib/dpkg/info/libc-bin.list;/var/lib/dpkg/info/libc-bin.md5sums;/var/lib/dpkg/info/libc-bin.postinst;/var/lib/dpkg/info/libc-bin.triggers;/var/lib/dpkg/status,accepted-risk,PaperWrench maintainer (@flowent59),2026-10-18T00:00:00Z,108
CVE-2026-80489,CVE-2026-80489,grype,libc6,2.41-12+deb13u4,deb,Medium,/usr/share/doc/libc6/copyright;/var/lib/dpkg/info/libc6:amd64.conffiles;/var/lib/dpkg/info/libc6:amd64.md5sums;/var/lib/dpkg/status,accepted-risk,PaperWrench maintainer (@flowent59),2026-10-18T00:00:00Z,108
CVE-2026-80489,CVE-2026-80489,trivy,libc-bin,2.41-12+deb13u4,debian,Medium,,accepted-risk,PaperWrench maintainer (@flowent59),2026-10-18T00:00:00Z,108
CVE-2026-80489,CVE-2026-80489,trivy,libc6,2.41-12+deb13u4,debian,Medium,,accepted-risk,PaperWrench maintainer (@flowent59),2026-10-18T00:00:00Z,108
CVE-2026-82560,CVE-2026-82560,grype,perl-base,5.40.1-6+deb13u1,deb,High,/usr/share/doc/perl-base/copyright;/var/lib/dpkg/info/perl-base.list;/var/lib/dpkg/info/perl-base.md5sums;/var/lib/dpkg/status,code-not-shipped,PaperWrench maintainer (@flowent59),2026-10-18T00:00:00Z,108
CVE-2026-82560,CVE-2026-82560,trivy,perl-base,5.40.1-6+deb13u1,debian,Unknown,,code-not-shipped,PaperWrench maintainer (@flowent59),2026-10-18T00:00:00Z,108
CVE-2026-85091,CVE-2026-85091,grype,zlib1g,1:1.3.dfsg+really1.3.1-1+b1,deb,High,/usr/share/doc/zlib1g/copyright;/var/lib/dpkg/info/zlib1g:amd64.md5sums;/var/lib/dpkg/status,accepted-risk,PaperWrench maintainer (@flowent59),2026-10-18T00:00:00Z,108
CVE-2026-85091,CVE-2026-85091,trivy,zlib1g,1:1.3.dfsg+really1.3.1-1+b1,debian,Medium,,accepted-risk,PaperWrench maintainer (@flowent59),2026-10-18T00:00:00Z,108
CVE-2026-8674,CVE-2026-8674,grype,libc-bin,2.41-12+deb13u4,deb,Medium,/usr/share/doc/libc-bin/copyright;/var/lib/dpkg/info/libc-bin.conffiles;/var/lib/dpkg/info/libc-bin.list;/var/lib/dpkg/info/libc-bin.md5sums;/var/lib/dpkg/info/libc-bin.postinst;/var/lib/dpkg/info/libc-bin.triggers;/var/lib/dpkg/status,accepted-risk,PaperWrench maintainer (@flowent59),2026-10-18T00:00:00Z,108
CVE-2026-8674,CVE-2026-8674,grype,libc6,2.41-12+deb13u4,deb,Medium,/usr/share/doc/libc6/copyright;/var/lib/dpkg/info/libc6:amd64.conffiles;/var/lib/dpkg/info/libc6:amd64.md5sums;/var/lib/dpkg/status,accepted-risk,PaperWrench maintainer (@flowent59),2026-10-18T00:00:00Z,108
CVE-2026-8674,CVE-2026-8674,trivy,libc-bin,2.41-12+deb13u4,debian,Medium,,accepted-risk,PaperWrench maintainer (@flowent59),2026-10-18T00:00:00Z,108
CVE-2026-8674,CVE-2026-8674,trivy,libc6,2.41-12+deb13u4,debian,Medium,,accepted-risk,PaperWrench maintainer (@flowent59),2026-10-18T00:00:00Z,108
CVE-2026-86805,CVE-2026-86805,grype,libc-bin,2.41-12+deb13u4,deb,Medium,/usr/share/doc/libc-bin/copyright;/var/lib/dpkg/info/libc-bin.conffiles;/var/lib/dpkg/info/libc-bin.list;/var/lib/dpkg/info/libc-bin.md5sums;/var/lib/dpkg/info/libc-bin.postinst;/var/lib/dpkg/info/libc-bin.triggers;/var/lib/dpkg/status,mitigated,PaperWrench maintainer (@flowent59),2026-10-18T00:00:00Z,108
CVE-2026-86805,CVE-2026-86805,grype,libc6,2.41-12+deb13u4,deb,Medium,/usr/share/doc/libc6/copyright;/var/lib/dpkg/info/libc6:amd64.conffiles;/var/lib/dpkg/info/libc6:amd64.md5sums;/var/lib/dpkg/status,mitigated,PaperWrench maintainer (@flowent59),2026-10-18T00:00:00Z,108
CVE-2026-86805,CVE-2026-86805,trivy,libc-bin,2.41-12+deb13u4,debian,Medium,,mitigated,PaperWrench maintainer (@flowent59),2026-10-18T00:00:00Z,108
CVE-2026-86805,CVE-2026-86805,trivy,libc6,2.41-12+deb13u4,debian,Medium,,mitigated,PaperWrench maintainer (@flowent59),2026-10-18T00:00:00Z,108
CVE-2026-89092,CVE-2026-89092,grype,libc-bin,2.41-12+deb13u4,deb,Medium,/usr/share/doc/libc-bin/copyright;/var/lib/dpkg/info/libc-bin.conffiles;/var/lib/dpkg/info/libc-bin.list;/var/lib/dpkg/info/libc-bin.md5sums;/var/lib/dpkg/info/libc-bin.postinst;/var/lib/dpkg/info/libc-bin.triggers;/var/lib/dpkg/status,code-not-shipped,PaperWrench maintainer (@flowent59),2026-10-18T00:00:00Z,108
CVE-2026-89092,CVE-2026-89092,grype,libc6,2.41-12+deb13u4,deb,Medium,/usr/share/doc/libc6/copyright;/var/lib/dpkg/info/libc6:amd64.conffiles;/var/lib/dpkg/info/libc6:amd64.md5sums;/var/lib/dpkg/status,code-not-shipped,PaperWrench maintainer (@flowent59),2026-10-18T00:00:00Z,108
CVE-2026-89092,CVE-2026-89092,trivy,libc-bin,2.41-12+deb13u4,debian,Medium,,code-not-shipped,PaperWrench maintainer (@flowent59),2026-10-18T00:00:00Z,108
CVE-2026-89092,CVE-2026-89092,trivy,libc6,2.41-12+deb13u4,debian,Medium,,code-not-shipped,PaperWrench maintainer (@flowent59),2026-10-18T00:00:00Z,108
CVE-2026-9538,CVE-2026-9538,grype,perl-base,5.40.1-6+deb13u1,deb,High,/usr/share/doc/perl-base/copyright;/var/lib/dpkg/info/perl-base.list;/var/lib/dpkg/info/perl-base.md5sums;/var/lib/dpkg/status,code-not-shipped,PaperWrench maintainer (@flowent59),2026-10-18T00:00:00Z,108
CVE-2026-9538,CVE-2026-9538,trivy,perl-base,5.40.1-6+deb13u1,debian,High,,code-not-shipped,PaperWrench maintainer (@flowent59),2026-10-18T00:00:00Z,108
CVE-2026-95619,CVE-2026-95619,grype,gcc-14-base,14.2.0-19,deb,High,/usr/share/doc/gcc-14-base/copyright;/var/lib/dpkg/info/gcc-14-base:amd64.md5sums;/var/lib/dpkg/status,accepted-risk,PaperWrench maintainer (@flowent59),2026-10-18T00:00:00Z,108
CVE-2026-95619,CVE-2026-95619,grype,libgcc-s1,14.2.0-19,deb,High,/usr/share/doc/gcc-14-base/copyright;/var/lib/dpkg/info/libgcc-s1:amd64.md5sums;/var/lib/dpkg/status,accepted-risk,PaperWrench maintainer (@flowent59),2026-10-18T00:00:00Z,108
CVE-2026-95619,CVE-2026-95619,grype,libstdc++6,14.2.0-19,deb,High,/usr/share/doc/gcc-14-base/copyright;/var/lib/dpkg/info/libstdc++6:amd64.md5sums;/var/lib/dpkg/status,accepted-risk,PaperWrench maintainer (@flowent59),2026-10-18T00:00:00Z,108
CVE-2026-95619,CVE-2026-95619,trivy,gcc-14-base,14.2.0-19,debian,Medium,,accepted-risk,PaperWrench maintainer (@flowent59),2026-10-18T00:00:00Z,108
CVE-2026-95619,CVE-2026-95619,trivy,libgcc-s1,14.2.0-19,debian,Medium,,accepted-risk,PaperWrench maintainer (@flowent59),2026-10-18T00:00:00Z,108
CVE-2026-95619,CVE-2026-95619,trivy,libstdc++6,14.2.0-19,debian,Medium,,accepted-risk,PaperWrench maintainer (@flowent59),2026-10-18T00:00:00Z,108
CVE-2026-95818,CVE-2026-95818,grype,libc-bin,2.41-12+deb13u4,deb,Low,/usr/share/doc/libc-bin/copyright;/var/lib/dpkg/info/libc-bin.conffiles;/var/lib/dpkg/info/libc-bin.list;/var/lib/dpkg/info/libc-bin.md5sums;/var/lib/dpkg/info/libc-bin.postinst;/var/lib/dpkg/info/libc-bin.triggers;/var/lib/dpkg/status,mitigated,PaperWrench maintainer (@flowent59),2026-10-18T00:00:00Z,108
CVE-2026-95818,CVE-2026-95818,grype,libc6,2.41-12+deb13u4,deb,Low,/usr/share/doc/libc6/copyright;/var/lib/dpkg/info/libc6:amd64.conffiles;/var/lib/dpkg/info/libc6:amd64.md5sums;/var/lib/dpkg/status,mitigated,PaperWrench maintainer (@flowent59),2026-10-18T00:00:00Z,108
CVE-2026-95818,CVE-2026-95818,trivy,libc-bin,2.41-12+deb13u4,debian,Medium,,mitigated,PaperWrench maintainer (@flowent59),2026-10-18T00:00:00Z,108
CVE-2026-95818,CVE-2026-95818,trivy,libc6,2.41-12+deb13u4,debian,Medium,,mitigated,PaperWrench maintainer (@flowent59),2026-10-18T00:00:00Z,108
CVE-2026-97399,CVE-2026-97399,grype,libc-bin,2.41-12+deb13u4,deb,Low,/usr/share/doc/libc-bin/copyright;/var/lib/dpkg/info/libc-bin.conffiles;/var/lib/dpkg/info/libc-bin.list;/var/lib/dpkg/info/libc-bin.md5sums;/var/lib/dpkg/info/libc-bin.postinst;/var/lib/dpkg/info/libc-bin.triggers;/var/lib/dpkg/status,not-applicable-architecture,PaperWrench maintainer (@flowent59),2026-10-18T00:00:00Z,108
CVE-2026-97399,CVE-2026-97399,grype,libc6,2.41-12+deb13u4,deb,Low,/usr/share/doc/libc6/copyright;/var/lib/dpkg/info/libc6:amd64.conffiles;/var/lib/dpkg/info/libc6:amd64.md5sums;/var/lib/dpkg/status,not-applicable-architecture,PaperWrench maintainer (@flowent59),2026-10-18T00:00:00Z,108
CVE-2026-97399,CVE-2026-97399,trivy,libc-bin,2.41-12+deb13u4,debian,Low,,not-applicable-architecture,PaperWrench maintainer (@flowent59),2026-10-18T00:00:00Z,108
CVE-2026-97399,CVE-2026-97399,trivy,libc6,2.41-12+deb13u4,debian,Low,,not-applicable-architecture,PaperWrench maintainer (@flowent59),2026-10-18T00:00:00Z,108
TEMP-0290435-0B57B5,TEMP-0290435-0B57B5,trivy,tar,1.35+dfsg-3.1,debian,Low,,accepted-risk,PaperWrench maintainer (@flowent59),2026-10-18T00:00:00Z,108
TEMP-0517018-A83CE6,TEMP-0517018-A83CE6,trivy,sysvinit-utils,3.14-4,debian,Low,,code-not-shipped,PaperWrench maintainer (@flowent59),2026-10-18T00:00:00Z,108
TEMP-0628843-DBAD28,TEMP-0628843-DBAD28,trivy,login.defs,1:4.17.4-2,debian,Low,,mitigated,PaperWrench maintainer (@flowent59),2026-10-18T00:00:00Z,108
TEMP-0628843-DBAD28,TEMP-0628843-DBAD28,trivy,passwd,1:4.17.4-2,debian,Low,,mitigated,PaperWrench maintainer (@flowent59),2026-10-18T00:00:00Z,108
TEMP-0841856-B18BAF,TEMP-0841856-B18BAF,trivy,bash,5.2.37-2+b10,debian,Low,,accepted-risk,PaperWrench maintainer (@flowent59),2026-10-18T00:00:00Z,108
TEMP-1147318-639065,GHSA-5qpq-xqfv-j9pg;TEMP-1147318-639065,trivy,liblzma5,5.8.1-1+deb13u1,debian,Unknown,,accepted-risk,PaperWrench maintainer (@flowent59),2026-10-18T00:00:00Z,108
